Date,Close,Open,Sentiment
2014-06-11,4164.08,4147.31,0
2014-07-11,4160.5,4170.46,0
2014-10-11,4175.95,4162.59,0
2014-11-11,4187.16,4173.61,0
2014-12-11,4195.4,4174.47,0
2014-13-11,4213.49,4202.77,0
2014-14-11,4224.99,4214.97,0
2014-17-11,4213.79,4215.29,0
2014-18-11,4242.19,4215.18,0
2014-19-11,4222.66,4233.7,0
2014-20-11,4242.09,4204.54,0
2014-21-11,4251.32,4284.41,0
2014-24-11,4284.32,4262.09,0
2014-25-11,4288.23,4290.68,0
2014-26-11,4317.99,4291.87,0
2014-27-11,4317.99,0,0
2014-28-11,4337.78,4330.96,0
2014-01-12,4287.81,4323.95,0
2014-02-12,4305.96,4291.33,0
2014-03-12,4312.93,4312.17,0
2014-04-12,4311.93,4309.48,0
2014-05-12,4311.57,4318.28,0
2014-08-12,4278.34,4301.27,0
2014-09-12,4294.67,4228.2,0
2014-10-12,4224.87,4284.5,0
2014-11-12,4246.48,4241.69,0
2014-12-12,4199.28,4207.61,0
2014-15-12,4157.41,4224.17,0
2014-16-12,4089.6,4122.23,0
2014-17-12,4165.1,4095.75,0
2014-18-12,4267.77,4230.36,0
2014-19-12,4281.78,4272.75,0
2014-22-12,4293.67,4271.87,0
2014-23-12,4279.3,4308.95,0
2014-24-12,4283.1,4283.19,0
2014-25-12,4283.1,0,0
2014-26-12,4314.09,4295.72,0
2014-29-12,4312.64,4309.7,0
2014-30-12,4282.35,4301.14,0
2014-31-12,4236.28,4294.88,0
2015-01-01,4236.28,0,0
2015-02-01,4230.24,4258.6,0
2015-05-01,4160.96,4206.55,0
2015-06-01,4110.83,4174.78,0
2015-07-01,4160,4139.85,0
2015-08-01,4240.55,4195.49,0
2015-09-01,4213.28,4250.98,0
2015-12-01,4169.97,4221.52,0
2015-13-01,4166.2,4212.99,0
2015-14-01,4145.84,4122.08,0
2015-15-01,4089.65,4162.11,0
2015-16-01,4142.14,4087.88,0
2015-19-01,4142.14,0,0
2015-20-01,4171.21,4164.43,0
2015-21-01,4192.09,4158.13,0
2015-22-01,4270.36,4215,0
2015-23-01,4278.14,4268.53,0
2015-26-01,4275.72,4271.1,0
2015-27-01,4165.5,4200.88,0
2015-28-01,4140.38,4233.74,0
2015-29-01,4181.35,4134.52,0
2015-30-01,4148.43,4178.62,0
2015-02-02,4188.59,4162.2,0
2015-03-02,4229.15,4201.94,0
2015-04-02,4221.2,4202.43,0
2015-05-02,4256.18,4229.62,0
2015-06-02,4228.68,4259.98,0
2015-09-02,4216.09,4209.81,0
2015-10-02,4281.15,4240.04,0
2015-11-02,4297.28,4284.76,0
2015-12-02,4347.97,4321.41,0
2015-13-02,4384.03,4359.78,0
2015-16-02,4384.03,0,0
2015-17-02,4385.34,4379.32,0
2015-18-02,4390.91,4378.73,0
2015-19-02,4411.86,4388.92,0
2015-20-02,4443.05,4406.75,0
2015-23-02,4449.49,4441.26,0
2015-24-02,4451.03,4442.13,0
2015-25-02,4440.59,4441.08,0
2015-26-02,4462.27,4443.55,0
2015-27-02,4440.67,4459.86,0
2015-02-03,4483.05,4452.8,0
2015-03-03,4458.78,4466.53,0
2015-04-03,4445.36,4442.41,0
2015-05-03,4452.06,4454.89,0
2015-06-03,4399.23,4442.19,0
2015-09-03,4412.99,4406.87,0
2015-10-03,4329.08,4376.03,0
2015-11-03,4305.38,4336.05,0
2015-12-03,4336.23,4302.73,0
2015-13-03,4314.9,4328.09,0
2015-16-03,4370.47,4338.29,0
2015-17-03,4375.63,4355.83,0
2015-18-03,4422.5,4366.8,0
2015-19-03,4426.82,4424.79,0
2015-20-03,4458.54,4468.29,0
2015-23-03,4445.54,4454.15,0
2015-24-03,4430.99,4444.39,0
2015-25-03,4329.29,4437.37,0
2015-26-03,4315.26,4288.16,0
2015-27-03,4332.86,4314.6,0
2015-30-03,4382.82,4359.78,0
2015-31-03,4333.69,4364.14,0
2015-01-04,4311.26,4328.17,0
2015-02-04,4316.01,4316.24,0
2015-03-04,4316.01,0,0
2015-06-04,4350.98,4286.16,0
2015-07-04,4344.08,4349.3,0
2015-08-04,4375.96,4345.22,0
2015-09-04,4403.95,4375.78,0
2015-10-04,4422.02,4402.02,0
2015-13-04,4409.21,4428.13,0
2015-14-04,4397.64,4409.29,0
2015-15-04,4424.53,4409.74,0
2015-16-04,4418.83,4412.15,0
2015-17-04,4351.8,4379.63,0
2015-20-04,4417.4,4373.65,0
2015-21-04,4435.98,4444.5,0
2015-22-04,4460.81,4448.58,0
2015-23-04,4477.07,4445.17,0
2015-24-04,4536.78,4529.73,0
2015-27-04,4525.04,4548.51,0
2015-28-04,4515.27,4529.41,0
2015-29-04,4488.15,4490.57,0
2015-30-04,4414.25,4459.23,0
2015-01-05,4479.06,4437.7,0
2015-04-05,4482.61,4491.19,0
2015-05-05,4409.39,4464.21,0
2015-06-05,4379.75,4420.3,0
2015-07-05,4401.55,4377.81,0
2015-08-05,4458.65,4445,0
2015-11-05,4438.64,4457.62,0
2015-12-05,4420.65,4412.82,0
2015-13-05,4426.56,4436.08,0
2015-14-05,4495.04,4461.07,0
2015-15-05,4494.29,4505.39,0
2015-18-05,4512.95,4487.14,0
2015-19-05,4503.72,4514.66,0
2015-20-05,4505.3,4505.59,0
2015-21-05,4529.47,4499.42,0
2015-22-05,4527.16,4522.86,0
2015-25-05,4527.16,0,0
2015-26-05,4472.96,4516.63,0
2015-27-05,4546.06,4488.05,0
2015-28-05,4535.66,4537.48,0
2015-29-05,4508.25,4532.15,0
2015-01-06,4521.85,4530.03,0
2015-02-06,4508.89,4503.76,0
2015-03-06,4519.86,4531.04,0
2015-04-06,4487.03,4501.73,0
2015-05-06,4477.19,4483.43,0
2015-08-06,4431.51,4476.69,0
2015-09-06,4427.61,4421.02,0
2015-10-06,4485.46,4440.54,0
2015-11-06,4488.47,4498.49,0
2015-12-06,4453.79,4467.38,0
2015-15-06,4432.92,4416.14,0
2015-16-06,4455.9,4428.3,0
2015-17-06,4468.98,4465.17,0
2015-18-06,4531.85,4483.61,0
2015-19-06,4513.42,4538.71,0
2015-22-06,4544.04,4541.85,0
2015-23-06,4548.74,4549.52,0
2015-24-06,4524.6,4542.07,0
2015-25-06,4514.01,4540.4,0
2015-26-06,4484.28,4514.37,0
2015-29-06,4379.86,4433.11,0
2015-30-06,4396.76,4414.86,0
2015-01-07,4429.23,4433.79,0
2015-02-07,4433.39,4440.17,0
2015-03-07,4433.39,0,0
2015-06-07,4418.66,4394.44,0
2015-07-07,4429.06,4422.75,0
2015-08-07,4351.58,4392.51,0
2015-09-07,4352.03,4410.27,0
2015-10-07,4420.15,4405.99,0
2015-13-07,4494.47,4457.76,0
2015-14-07,4523.47,4503.2,0
2015-15-07,4528.36,4531.32,0
2015-16-07,4594.9,4567.06,0
2015-17-07,4661.6,4635.48,0
2015-20-07,4679.68,4670.23,0
2015-21-07,4674.41,4679.54,0
2015-22-07,4623.24,4604.97,0
2015-23-07,4602.83,4627.56,0
2015-24-07,4557.37,4630.95,0
2015-27-07,4519.09,4530.37,0
2015-28-07,4560.23,4539.47,0
2015-29-07,4581.6,4570.5,0
2015-30-07,4598.59,4570.77,0
2015-31-07,4588.91,4616.48,0
2015-03-08,4580.46,4595.26,0
2015-04-08,4567.47,4573.25,0
2015-05-08,4602.24,4592.81,0
2015-06-08,4528.51,4608.69,0
2015-07-08,4520.08,4519.36,0
2015-10-08,4573.11,4558.68,0
2015-11-08,4513.99,4548.75,0
2015-12-08,4528.19,4475.91,0
2015-13-08,4519.32,4536.96,0
2015-14-08,4530.74,4512.88,0
2015-17-08,4566.37,4516.88,0
2015-18-08,4542.07,4556.23,0
2015-19-08,4510.9,4525.32,0
2015-20-08,4385.13,4467.79,0
2015-21-08,4197.27,4313.19,0
2015-24-08,4038.6,3847.12,0
2015-25-08,4016.32,4187.28,0
2015-26-08,4219.6,4141.24,0
2015-27-08,4324.82,4281.63,0
2015-28-08,4329.12,4307.05,0
2015-31-08,4274.58,4299.88,0
2015-01-09,4142.63,4177.94,0
2015-02-09,4256.23,4207.68,0
2015-03-09,4234.65,4267.34,0
2015-04-09,4184.72,4175.62,0
2015-07-09,4184.72,0,0
2015-08-09,4303.53,4267.4,0
2015-09-09,4253.45,4346.36,0
2015-10-09,4296.3,4248.48,0
2015-11-09,4323.23,4273.62,0
2015-14-09,4308.76,4334.86,0
2015-15-09,4360.28,4322.41,0
2015-16-09,4383.67,4357.36,0
2015-17-09,4384.96,4378.99,0
2015-18-09,4323.86,4325.29,0
2015-21-09,4336.13,4343.77,0
2015-22-09,4274.1,4273.3,0
2015-23-09,4273.53,4280.01,0
2015-24-09,4261.1,4239.85,0
2015-25-09,4224.74,4305.39,0
2015-28-09,4103.47,4206.68,0
2015-29-09,4083.37,4110.26,0
2015-30-09,4181.06,4137.18,0
2015-01-10,4192.96,4185.28,0
2015-02-10,4267.45,4136.96,0
2015-05-10,4331.43,4296.54,0
2015-06-10,4306.7,4315.32,0
2015-07-10,4333.46,4331.87,0
2015-08-10,4350.15,4316.18,0
2015-09-10,4370.01,4355.24,0
2015-12-10,4382.56,4378.64,0
2015-13-10,4352.94,4354.06,0
2015-14-10,4346.92,4356.82,0
2015-15-10,4418.22,4361.98,0
2015-16-10,4438.62,4419.95,0
2015-19-10,4462.07,4428.06,0
2015-20-10,4438.18,4454.62,0
2015-21-10,4413.52,4462.22,0
2015-22-10,4503.22,4451.32,0
2015-23-10,4624.09,4623.72,0
2015-26-10,4630.85,4621.14,0
2015-27-10,4639.23,4617.6,0
2015-28-10,4678.58,4649.1,0
2015-29-10,4670.76,4657.78,0
2015-30-10,4648.83,4676.3,0
2015-02-11,4703.91,4658.79,0
2015-03-11,4719.05,4692.03,0
2015-04-11,4717.55,4729.07,0
2015-05-11,4702.9,4718.51,0
2015-06-11,4707.23,4695.88,0
2015-09-11,4655.52,4687.35,0
2015-10-11,4641.73,4628.83,0
2015-11-11,4636.94,4657.19,0
2015-12-11,4588.93,4617.78,0
2015-13-11,4502.14,4566.12,0
2015-16-11,4565.47,4494.56,0
2015-17-11,4565.82,4571.54,0
2015-18-11,4653.44,4586.24,0
2015-19-11,4655.35,4657.61,0
2015-20-11,4686.36,4680.51,0
2015-23-11,4674.79,4689.98,0
2015-24-11,4669.41,4645.52,0
2015-25-11,4672.88,4674.23,0
2015-26-11,4672.88,0,0
2015-27-11,4680.47,4680.44,0
2015-30-11,4664.51,4692.57,0
2015-01-12,4716.16,4685.74,0
2015-02-12,4686.22,4720.27,0
2015-03-12,4606.75,4704.2,0
2015-04-12,4716.12,4621.48,0
2015-07-12,4693.62,4718.55,0
2015-08-12,4694.77,4646.43,0
2015-09-12,4622.14,4674.8,0
2015-10-12,4643.05,4627.77,0
2015-11-12,4537.56,4583.08,0
2015-14-12,4570.16,4535.56,0
2015-15-12,4597.33,4607.2,0
2015-16-12,4664.56,4633.85,0
2015-17-12,4598.14,4680.63,0
2015-18-12,4514.83,4578.69,0
2015-21-12,4560.55,4547.92,0
2015-22-12,4589.26,4580.61,0
2015-23-12,4624.59,4612.16,0
2015-24-12,4622.77,4626.32,0
2015-25-12,4622.77,0,0
2015-28-12,4621.35,4610.41,0
2015-29-12,4691.08,4645.08,0
2015-30-12,4652.01,4687.16,0
2015-31-12,4593.27,4634.16,0
2016-04-01,4497.86,4485.06,0
2016-05-01,4484.18,4512.04,0
2016-06-01,4443.99,4409.78,0
2016-07-01,4305.72,4349.14,0
2016-08-01,4270.78,4336.12,0
2016-11-01,4283.55,4300.96,0
2016-12-01,4333.72,4322.77,0
2016-13-01,4183.12,4352.64,0
2016-14-01,4272.97,4201.23,0
2016-15-01,4141.08,4123.87,0
2016-19-01,4147.07,4199.56,0
2016-20-01,4136.28,4078.23,0
2016-21-01,4142.6,4146.44,0
2016-22-01,4259.77,4226.44,0
2016-25-01,4196.53,4245.47,0
2016-26-01,4233.85,4211.92,0
2016-27-01,4128.86,4214.94,0
2016-28-01,4186.06,4197.2,0
2016-29-01,4279.17,4186.35,0
2016-01-02,4286.56,4254.41,0
2016-02-02,4193.1,4262.45,0
2016-03-02,4171.97,4213.67,0
2016-04-02,4167.77,4158.05,0
2016-05-02,4024.47,4150.35,0
2016-08-02,3960.67,3947.99,0
2016-09-02,3947.8,3903.93,0
2016-10-02,3966.28,3996.76,0
2016-11-02,3962.22,3910.57,0
2016-12-02,4019.19,3996.64,0
2016-16-02,4104.33,4077.33,0
2016-17-02,4199.1,4138.43,0
2016-18-02,4151.49,4212.22,0
2016-19-02,4164.09,4129.75,0
2016-22-02,4231.27,4203.6,0
2016-23-02,4162.54,4209.32,0
2016-24-02,4200.66,4116.02,0
2016-25-02,4241.06,4212.48,0
2016-26-02,4235.62,4273.59,0
2016-29-02,4201.12,4228.57,0
2016-01-03,4333.61,4238.08,0
2016-02-03,4334.39,4328.72,0
2016-03-03,4325.86,4330.4,0
2016-04-03,4329,4334.03,0
2016-07-03,4303.33,4303.81,0
2016-08-03,4265.51,4272.72,0
2016-09-03,4293.23,4281.1,0
2016-10-03,4286.97,4307.87,0
2016-11-03,4361.83,4337.12,0
2016-14-03,4367.33,4347.94,0
2016-15-03,4367.08,4354.38,0
2016-16-03,4404.2,4359.67,0
2016-17-03,4400.26,4390.06,0
2016-18-03,4410.83,4408.82,0
2016-21-03,4426.98,4403.09,0
2016-22-03,4437.62,4403.47,0
2016-23-03,4402.56,4431.82,0
2016-24-03,4405.53,4380.23,0
2016-28-03,4398.07,4415.04,0
2016-29-03,4467.72,4391.19,0
2016-30-03,4490.88,4494.7,0
2016-31-03,4483.66,4491.01,0
2016-01-04,4532.08,4461.77,0
2016-04-04,4511.7,4526.39,0
2016-05-04,4470.75,4479.11,0
2016-06-04,4543.78,4476.35,0
2016-07-04,4475.29,4519.02,0
2016-08-04,4474.93,4506.97,0
2016-11-04,4458.71,4496.26,0
2016-12-04,4496.04,4464.07,0
2016-13-04,4554.72,4526.92,0
2016-14-04,4554.62,4554.66,0
2016-15-04,4543.16,4550.31,0
2016-18-04,4569.32,4535.21,0
2016-19-04,4537.09,4573.58,0
2016-20-04,4540.44,4539.19,0
2016-21-04,4540.8,4540.71,0
2016-22-04,4474.19,4478.44,0
2016-25-04,4474.13,4459.67,0
2016-26-04,4452.97,4480.6,0
2016-27-04,4416.63,4412.82,0
2016-28-04,4363.99,4419.12,0
2016-29-04,4341.3,4367.59,0
2016-02-05,4381.3,4350.83,0
2016-03-05,4341.39,4349.08,0
2016-04-05,4312.01,4314.49,0
2016-05-05,4309.48,4326.91,0
2016-06-05,4330.17,4290.36,0
2016-09-05,4341.23,4331.66,0
2016-10-05,4402.04,4360.73,0
2016-11-05,4361.03,4395.88,0
2016-12-05,4342.81,4376.09,0
2016-13-05,4326.53,4337.83,0
2016-16-05,4380.48,4335.33,0
2016-17-05,4322.56,4376.55,0
2016-18-05,4338.23,4314.34,0
2016-19-05,4315.58,4319.86,0
2016-20-05,4362.9,4330.07,0
2016-23-05,4355.1,4364.73,0
2016-24-05,4444.3,4381.34,0
2016-25-05,4476.43,4459.26,0
2016-26-05,4487.96,4478.57,0
2016-27-05,4512.54,4490.95,0
2016-31-05,4523.89,4513.85,0
2016-01-06,4520.07,4507.18,0
2016-02-06,4531.35,4510.81,0
2016-03-06,4509.79,4520.98,0
2016-06-06,4523.63,4517.88,0
2016-07-06,4513.09,4527.86,0
2016-08-06,4520.63,4521.1,0
2016-09-06,4512.69,4501.14,0
2016-10-06,4461.05,4473.08,0
2016-13-06,4422.76,4436.12,0
2016-14-06,4424.91,4413.71,0
2016-15-06,4409.51,4433.68,0
2016-16-06,4424.23,4387.9,0
2016-17-06,4374.38,4409.75,0
2016-20-06,4400.16,4424.11,0
2016-21-06,4413.4,4408.03,0
2016-22-06,4404.73,4415.46,0
2016-23-06,4467.48,4437.61,0
2016-24-06,4285.7,4294.8,0
2016-27-06,4201.05,4247.71,0
2016-28-06,4290.47,4245.32,0
2016-29-06,4364.74,4323.33,0
2016-30-06,4417.7,4378.75,0
2016-01-07,4437.44,4411.77,0
2016-05-07,4410.75,4414.35,0
2016-06-07,4444.7,4388.43,0
2016-07-07,4459.58,4451.15,0
2016-08-07,4528.36,4484.92,0
2016-11-07,4554.71,4544.33,0
2016-12-07,4577.61,4579.85,0
2016-13-07,4565.77,4589.13,0
2016-14-07,4596.49,4597.19,0
2016-15-07,4589.83,4602,0
2016-18-07,4619.68,4595.06,0
2016-19-07,4603.28,4601.68,0
2016-20-07,4657.2,4630.85,0
2016-21-07,4647.02,4662.95,0
2016-22-07,4666.07,4650.98,0
2016-25-07,4665.93,4662.9,0
2016-26-07,4672.11,4664.1,0
2016-27-07,4702.88,4711.11,0
2016-28-07,4721.41,4710.23,0
2016-29-07,4730.23,4734.7,0
2016-01-08,4756.04,4734.44,0
2016-02-08,4719.21,4748.42,0
2016-03-08,4734.33,4716.58,0
2016-04-08,4743.81,4731.54,0
2016-05-08,4791.21,4769.17,0
2016-08-08,4784.74,4791.1,0
2016-09-08,4795.75,4787.92,0
2016-10-08,4783.39,4799.83,0
2016-11-08,4803.31,4800.59,0
2016-12-08,4807.08,4794.35,0
2016-15-08,4827.12,4814.77,0
2016-16-08,4797.19,4814.21,0
2016-17-08,4805.45,4799.03,0
2016-18-08,4808.68,4802.33,0
2016-19-08,4806.14,4800.2,0
2016-22-08,4808.56,4797.95,0
2016-23-08,4818.48,4828.79,0
2016-24-08,4783.49,4812.49,0
2016-25-08,4775.43,4773.68,0
2016-26-08,4783.69,4782.46,0
2016-29-08,4791.09,4787.93,0
2016-30-08,4775.99,4787.77,0
2016-31-08,4771.05,4770.23,0
2016-01-09,4783.94,4774.81,0
2016-02-09,4798.74,4806.14,0
2016-06-09,4829.51,4806.66,0
2016-07-09,4831.86,4829.91,0
2016-08-09,4804,4816.48,0
2016-09-09,4681.53,4763.04,0
2016-12-09,4764.65,4656.59,0
2016-13-09,4722.84,4740,0
2016-14-09,4746.06,4726.75,0
2016-15-09,4819.9,4749.71,0
2016-16-09,4818.05,4811.79,0
2016-19-09,4796.07,4833.84,0
2016-20-09,4805.22,4813.78,0
2016-21-09,4853.75,4826.58,0
2016-22-09,4891.36,4879.28,0
2016-23-09,4858.91,4881.45,0
2016-26-09,4817.17,4830.17,0
2016-27-09,4866.71,4813.89,0
2016-28-09,4875.27,4871.84,0
2016-29-09,4838.3,4868.46,0
2016-30-09,4875.7,4856.1,0
2016-03-10,4866.63,4864.63,0
2016-04-10,4859.47,4880.57,0
2016-05-10,4877.75,4872.98,0
2016-06-10,4873.92,4871.95,0
2016-07-10,4864.52,4883.94,0
2016-10-10,4893.77,4887.73,0
2016-11-10,4821.91,4890.17,0
2016-12-10,4819.63,4824.27,0
2016-13-10,4803.1,4785.59,0
2016-14-10,4808.49,4828.9,0
2016-17-10,4796.17,4808.47,0
2016-18-10,4839.72,4849.91,0
2016-19-10,4836.61,4833.81,0
2016-20-10,4832.71,4831.31,0
2016-21-10,4851.86,4836.54,0
2016-24-10,4909.97,4884.16,0
2016-25-10,4891.45,4908.18,0
2016-26-10,4860.59,4863.52,0
2016-27-10,4836.45,4883.07,0
2016-28-10,4805.59,4820.5,0
2016-31-10,4801.27,4821.32,0
2016-01-11,4766.94,4810.3,0
2016-02-11,4726.91,4764.83,0
2016-03-11,4679.1,4718.53,0
2016-04-11,4660.46,4647.59,0
2016-07-11,4773.73,4737.99,0
2016-08-11,4804.92,4766.48,0
2016-09-11,4825.18,4748.9,0
2016-10-11,4747.03,4849.71,0
2016-11-11,4751.95,4729.14,0
2016-14-11,4702.04,4752.61,0
2016-15-11,4764.47,4733.57,0
2016-16-11,4792.27,4745.03,0
2016-17-11,4826.59,4789.78,0
2016-18-11,4808.04,4832.81,0
2016-21-11,4859,4822.03,0
2016-22-11,4873.84,4876.92,0
2016-23-11,4853.86,4856.72,0
2016-25-11,4870.02,4861.47,0
2016-28-11,4857.02,4861.73,0
2016-29-11,4873.21,4859.85,0
2016-30-11,4810.81,4876.3,0
2016-01-12,4734.1,4806.77,0
2016-02-12,4739.37,4734.38,0
2016-05-12,4778.14,4762.34,0
2016-06-12,4788.67,4786.06,0
2016-07-12,4851.94,4778.86,0
2016-08-12,4859.19,4849.75,0
2016-09-12,4895.9,4878.54,0
2016-12-12,4874.3,4878.04,0
2016-13-12,4935.84,4893.65,0
2016-14-12,4921.22,4943.64,0
2016-15-12,4933.41,4925.65,0
2016-16-12,4914.86,4945.04,0
2016-19-12,4934.85,4919.16,0
2016-20-12,4953.8,4948.34,0
2016-21-12,4948.9,4952.07,0
2016-22-12,4934.39,4948.36,0
2016-23-12,4940.02,4927.53,0
2016-27-12,4965.81,4948.92,0
2016-28-12,4926.29,4976.42,0
2016-29-12,4918.28,4923.92,0
2016-30-12,4863.62,4925.36,0
2017-03-01,4911.33,4900.85,0
2017-04-01,4937.2,4920.79,0
2017-05-01,4964.95,4936.35,0
2017-06-01,5007.08,4973.87,0
2017-09-01,5024.9,5013.82,0
2017-10-01,5035.17,5027.5,0
2017-11-01,5050.21,5033.88,0
2017-12-01,5041.43,5029.28,0
2017-13-01,5059.51,5047.56,0
2017-17-01,5044.65,5043.07,0
2017-18-01,5055.85,5050.26,0
2017-19-01,5051.17,5061.1,0
2017-20-01,5063.2,5070.15,0
2017-23-01,5065.7,5055.97,0
2017-24-01,5101.06,5079.61,0
2017-25-01,5151.47,5132.87,0
2017-26-01,5156.92,5164.12,0
2017-27-01,5168.06,5169.49,0
2017-30-01,5129.33,5146.41,0
2017-31-01,5116.77,5107.47,0
2017-01-02,5152.69,5157.83,0
2017-02-02,5147.7,5141.28,0
2017-03-02,5161.6,5153.61,0
2017-06-02,5167.96,5154.18,0
2017-07-02,5185.88,5178.85,0
2017-08-02,5196.58,5176.5,0
2017-09-02,5212.16,5200.17,0
2017-10-02,5226.69,5219.81,0
2017-13-02,5256.82,5242.49,0
2017-14-02,5271.07,5251.36,0
2017-15-02,5302.39,5266.12,0
2017-16-02,5300.64,5306.38,0
2017-17-02,5324.72,5295.49,0
2017-21-02,5350.73,5334.57,0
2017-22-02,5352.13,5345.18,0
2017-23-02,5332.37,5358.03,0
2017-24-02,5343.31,5305.23,0
2017-27-02,5347.55,5330.56,0
2017-28-02,5330.31,5344.18,0
2017-01-03,5390.99,5368.65,0
2017-02-03,5363.26,5386.34,0
2017-03-03,5373.48,5355.21,0
2017-06-03,5360.31,5352.61,0
2017-07-03,5351.28,5348.2,0
2017-08-03,5359.8,5351.35,0
2017-09-03,5363.98,5355.78,0
2017-10-03,5385.9,5390.46,0
2017-13-03,5394.57,5387.73,0
2017-14-03,5382.17,5382.79,0
2017-15-03,5416.25,5392.48,0
2017-16-03,5412.08,5421.46,0
2017-17-03,5408.76,5413.47,0
2017-20-03,5413.31,5406.02,0
2017-21-03,5332.53,5433.28,0
2017-22-03,5367.55,5332.64,0
2017-23-03,5355.14,5356.71,0
2017-24-03,5364,5376.74,0
2017-27-03,5374.27,5320.96,0
2017-28-03,5407.21,5371.9,0
2017-29-03,5430.27,5410.14,0
2017-30-03,5439.74,5430.31,0
2017-31-03,5436.23,5430.99,0
2017-03-04,5432.2,5440.2,0
2017-04-04,5440.41,5415.53,0
2017-05-04,5418.52,5447.27,0
2017-06-04,5420.88,5423.65,0
2017-07-04,5418.37,5420.94,0
2017-10-04,5421.68,5423.57,0
2017-11-04,5398.4,5413.91,0
2017-12-04,5377.03,5394.61,0
2017-13-04,5353.59,5370.69,0
2017-17-04,5399.2,5369.21,0
2017-18-04,5391.66,5383.74,0
2017-19-04,5399.64,5416.3,0
2017-20-04,5443.53,5422.47,0
2017-21-04,5442.05,5447.28,0
2017-24-04,5508.03,5503.27,0
2017-25-04,5548.19,5523.48,0
2017-26-04,5541.09,5553.6,0
2017-27-04,5571.28,5555.27,0
2017-28-04,5583.53,5598.47,0
2017-01-05,5629.63,5602.44,0
2017-02-05,5644.07,5642.41,0
2017-03-05,5625.16,5624.87,0
2017-04-05,5626.32,5623.57,0
2017-05-05,5646.09,5640.78,0
2017-08-05,5659.07,5649.18,0
2017-09-05,5678.31,5667.98,0
2017-10-05,5681.68,5681.33,0
2017-11-05,5674.22,5662.59,0
2017-12-05,5686.81,5683.58,0
2017-15-05,5704.48,5687.97,0
2017-16-05,5724.44,5715.15,0
2017-17-05,5580.55,5673.62,0
2017-18-05,5626.31,5569.81,0
2017-19-05,5651.56,5640.71,0
2017-22-05,5699.4,5662.95,0
2017-23-05,5703.35,5714.94,0
2017-24-05,5730.3,5720.83,0
2017-25-05,5778.37,5748.29,0
2017-26-05,5788.36,5782.17,0
2017-30-05,5794.63,5785.38,0
2017-31-05,5788.8,5812.97,0
2017-01-06,5816.51,5804.17,0
2017-02-06,5881.46,5834.41,0
2017-05-06,5878.12,5881.21,0
2017-06-06,5856.77,5869.48,0
2017-07-06,5877.59,5871.77,0
2017-08-06,5885.3,5894.75,0
2017-09-06,5741.94,5891.67,0
2017-12-06,5708.18,5677.16,0
2017-13-06,5751.82,5740.21,0
2017-14-06,5727.07,5774.12,0
2017-15-06,5700.89,5661.36,0
2017-16-06,5681.48,5694.21,0
2017-19-06,5772.22,5729.54,0
2017-20-06,5726.31,5762.99,0
2017-21-06,5782.39,5740.58,0
2017-22-06,5779.87,5787.43,0
2017-23-06,5803.11,5775.03,0
2017-26-06,5777.59,5832.31,0
2017-27-06,5671.6,5752.72,0
2017-28-06,5753.03,5693.48,0
2017-29-06,5653.02,5723.31,0
2017-30-06,5646.92,5676.4,0
2017-03-07,5596.96,5680.36,0
2017-05-07,5648.82,5611,0
2017-06-07,5597.9,5606.42,0
2017-07-07,5656.47,5618.85,0
2017-10-07,5694.15,5662.71,0
2017-11-07,5709.8,5687.03,0
2017-12-07,5778.95,5757.2,0
2017-13-07,5793.36,5785.32,0
2017-14-07,5838.08,5815.04,0
2017-17-07,5839.74,5845.82,0
2017-18-07,5880.1,5832.92,0
2017-19-07,5916.16,5898.4,0
2017-20-07,5921.22,5929.58,0
2017-21-07,5921.52,5905.6,0
2017-24-07,5941.37,5920.93,0
2017-25-07,5930.65,5927.1,0
2017-26-07,5950.73,5944.16,0
2017-27-07,5917.03,5994.02,0
2017-28-07,5908.92,5883.7,0
2017-31-07,5880.33,5928.68,0
2017-01-08,5895.17,5900.64,0
2017-02-08,5914.23,5934.07,0
2017-03-08,5891.2,5915.73,0
2017-04-08,5899.91,5899.69,0
2017-07-08,5934.73,5909.45,0
2017-08-08,5926.35,5922.64,0
2017-09-08,5919.39,5879.55,0
2017-10-08,5788.19,5880.13,0
2017-11-08,5831.53,5792.32,0
2017-14-08,5908.17,5878.64,0
2017-15-08,5907.73,5917.29,0
2017-16-08,5917.42,5920.68,0
2017-17-08,5796.32,5896.31,0
2017-18-08,5790.91,5803.9,0
2017-21-08,5786.54,5791.04,0
2017-22-08,5873.33,5817.29,0
2017-23-08,5851.78,5842.16,0
2017-24-08,5834.44,5863.99,0
2017-25-08,5822.53,5854.31,0
2017-28-08,5838.08,5839.27,0
2017-29-08,5862.14,5785.29,0
2017-30-08,5932.9,5870.88,0
2017-31-08,5988.6,5948.74,0
2017-01-09,5987.9,6001.82,0
2017-05-09,5932.73,5966.64,0
2017-06-09,5951.13,5949.54,0
2017-07-09,5964.31,5960.44,0
2017-08-09,5913.37,5957.19,0
2017-11-09,5980.53,5962.35,0
2017-12-09,5995.64,5998.74,0
2017-13-09,6004.38,5982.85,0
2017-14-09,5968.82,5981.85,0
2017-15-09,5988,5965.66,0
2017-18-09,5981.12,5997.51,0
2017-19-09,5991.08,5991.93,0
2017-20-09,5973.6,5987.72,0
2017-21-09,5934.91,5965.6,0
2017-22-09,5932.32,5912.19,0
2017-25-09,5867.35,5904.06,0
2017-26-09,5881.34,5893.18,0
2017-27-09,5937.79,5912.96,0
2017-28-09,5933.07,5920.65,0
2017-29-09,5979.3,5941.78,0
2017-02-10,5981.92,5988.96,0
2017-03-10,5995.06,5986.85,0
2017-04-10,5998.84,5983.31,0
2017-05-10,6057.14,6018.27,0
2017-06-10,6064.57,6037.44,0
2017-09-10,6058.53,6071.96,0
2017-10-10,6063.52,6078.27,0
2017-11-10,6081.25,6062.73,0
2017-12-10,6069.99,6072.21,0
2017-13-10,6092.45,6094.72,0
2017-16-10,6114.53,6108.66,0
2017-17-10,6122.61,6111.32,0
2017-18-10,6114.35,6128.91,0
2017-19-10,6092.62,6074.28,0
2017-20-10,6108.82,6114.46,0
2017-23-10,6067.83,6122.24,0
2017-24-10,6080.22,6078.02,0
2017-25-10,6055.04,6069.35,0
2017-26-10,6037.87,6056.05,0
2017-27-10,6213.47,6138.23,0
2017-30-10,6227.59,6209.8,0
2017-31-10,6248.56,6241.88,0
2017-01-11,6248.65,6274.26,0
2017-02-11,6236.39,6238.29,0
2017-03-11,6295.58,6266.19,0
2017-06-11,6313.61,6292.15,0
2017-07-11,6320.78,6314.69,0
2017-08-11,6345.81,6319.03,0
2017-09-11,6312.21,6295.29,0
2017-10-11,6309.07,6297.15,0
2017-13-11,6316.18,6286.01,0
2017-14-11,6293.64,6293.33,0
2017-15-11,6258.36,6261.27,0
2017-16-11,6339.14,6293.46,0
2017-17-11,6314.51,6343.64,0
2017-20-11,6308.61,6319.57,0
2017-21-11,6378.63,6336.91,0
2017-22-11,6386.12,6384.13,0
2017-24-11,6409.29,6393.33,0
2017-27-11,6405.97,6409.52,0
2017-28-11,6422.56,6419.48,0
2017-29-11,6311.37,6412.69,0
2017-30-11,6365.56,6337.34,0
2017-01-12,6337.87,6325.61,0
2017-04-12,6263.7,6380.68,0
2017-05-12,6265.11,6242.47,0
2017-06-12,6293.05,6243.72,0
2017-07-12,6316.28,6300.64,0
2017-08-12,6344.57,6364.6,0
2017-11-12,6393.89,6351.24,0
2017-12-12,6383.65,6389.47,0
2017-13-12,6394.67,6405.41,0
2017-14-12,6389.91,6407.25,0
2017-15-12,6466.32,6405.15,0
2017-18-12,6513.27,6504.89,0
2017-19-12,6480.67,6505.35,0
2017-20-12,6472.48,6504.55,0
2017-21-12,6472.69,6481.08,0
2017-22-12,6465.17,6462.55,0
2017-26-12,6433.16,6427.32,0
2017-27-12,6435.15,6437.06,0
2017-28-12,6441.42,6449.52,0
2017-29-12,6396.42,6439.9,0
2018-02-01,6511.34,6431.59,0
2018-03-01,6575.8,6520.03,0
2018-04-01,6584.58,6595.75,0
2018-05-01,6653.29,6613.12,0
2018-08-01,6676.63,6651.68,0
2018-09-01,6677.94,6692.87,0
2018-10-01,6662.66,6640.66,0
2018-11-01,6708.49,6675.69,0
2018-12-01,6758.54,6699.32,0
2018-16-01,6737.14,6807.85,0
2018-17-01,6810.28,6767.85,0
2018-18-01,6811.38,6804.59,0
2018-19-01,6834.33,6829.04,0
2018-22-01,6906.28,6829.55,0
2018-23-01,6963.46,6928.27,0
2018-24-01,6919.35,6975.38,0
2018-25-01,6916.3,6965.01,0
2018-26-01,7022.97,6956.66,0
2018-29-01,6988.32,7000.68,0
2018-30-01,6930.73,6910.39,0
2018-31-01,6949.99,6972.81,0
2018-01-02,6901.5,6910.57,0
2018-02-02,6760.29,6866.38,0
2018-05-02,6495.92,6687.47,0
2018-06-02,6665.98,6378.6,0
2018-07-02,6582.02,6632.98,0
2018-08-02,6306.1,6595.81,0
2018-09-02,6412.68,6395.16,0
2018-12-02,6523.85,6477.04,0
2018-13-02,6553.86,6482.77,0
2018-14-02,6675.03,6523.26,0
2018-15-02,6794.92,6734.34,0
2018-16-02,6770.66,6778.28,0
2018-20-02,6779.69,6742.15,0
2018-21-02,6759.26,6808.6,0
2018-22-02,6761.85,6793.08,0
2018-23-02,6896.6,6816.43,0
2018-26-02,6989.1,6933.82,0
2018-27-02,6900.35,6984.83,0
2018-28-02,6854.42,6945.2,0
2018-01-03,6750.54,6862.94,0
2018-02-03,6811.04,6661.91,0
2018-05-03,6881.28,6777.63,0
2018-06-03,6913.02,6919.79,0
2018-07-03,6929.39,6855.57,0
2018-08-03,6966.43,6955.85,0
2018-09-03,7101.18,7014.84,0
2018-12-03,7131.12,7122.47,0
2018-13-03,7046.51,7172.25,0
2018-14-03,7040.98,7077.85,0
2018-15-03,7030.97,7050.66,0
2018-16-03,7019.95,7058.12,0
2018-19-03,6864.88,6945.97,0
2018-20-03,6885.92,6871.09,0
2018-21-03,6853.45,6863.29,0
2018-22-03,6682.26,6763.94,0
2018-23-03,6508.09,6683.19,0
2018-26-03,6753.83,6644.4,0
2018-27-03,6529.84,6791.39,0
2018-28-03,6460.81,6488.02,0
2018-29-03,6581.13,6493.51,0
2018-02-04,6390.84,6528.23,0
2018-03-04,6458.83,6448.05,0
2018-04-04,6560.06,6326.54,0
2018-05-04,6594.84,6619.22,0
2018-06-04,6433.21,6514.48,0
2018-09-04,6472.34,6488.48,0
2018-10-04,6615.87,6585.52,0
2018-11-04,6583.44,6578.84,0
2018-12-04,6656.26,6627.32,0
2018-13-04,6628.34,6696.02,0
2018-16-04,6675.18,6675.92,0
2018-17-04,6816.37,6738.65,0
2018-18-04,6833.21,6824.58,0
2018-19-04,6774.89,6793.07,0
2018-20-04,6667.75,6754.67,0
2018-23-04,6648.8,6699.16,0
2018-24-04,6509.05,6680.88,0
2018-25-04,6513.94,6514.32,0
2018-26-04,6649.65,6606.61,0
2018-27-04,6656.35,6748.59,0
2018-30-04,6605.57,6669.44,0
2018-01-05,6681.96,6592.93,0
2018-02-05,6644.48,6694.52,0
2018-03-05,6643.48,6608.7,0
2018-04-05,6769.12,6618.7,0
2018-07-05,6821.87,6803.45,0
2018-08-05,6815.48,6813.91,0
2018-09-05,6893.21,6830.54,0
2018-10-05,6963.55,6909.18,0
2018-11-05,6952.56,6948.87,0
2018-14-05,6964.37,6977.35,0
2018-15-05,6888.54,6909.32,0
2018-16-05,6929.97,6892.89,0
2018-17-05,6901.63,6905.75,0
2018-18-05,6866.25,6876.65,0
2018-21-05,6905.53,6920.32,0
2018-22-05,6893.62,6934.7,0
2018-23-05,6953.63,6847.27,0
2018-24-05,6949.7,6951.52,0
2018-25-05,6960.92,6951.47,0
2018-29-05,6926.54,6928.5,0
2018-30-05,6976.37,6955.59,0
2018-31-05,6967.73,6969.93,0
2018-01-06,7083.93,7010.08,0
2018-04-06,7143.57,7099.5,0
2018-05-06,7166.75,7162.41,0
2018-06-06,7210.08,7180.24,0
2018-07-06,7152.83,7212.43,0
2018-08-06,7152.62,7121.76,0
2018-11-06,7168.48,7149.65,0
2018-12-06,7209.18,7181.67,0
2018-13-06,7205.26,7219.58,0
2018-14-06,7279.59,7233.7,0
2018-15-06,7255.76,7245.16,0
2018-18-06,7251.41,7201.18,0
2018-19-06,7228.04,7158.8,0
2018-20-06,7280.7,7264.85,0
2018-21-06,7217.49,7304.05,0
2018-22-06,7197.51,7239.72,0
2018-25-06,7038.17,7131.05,0
2018-26-06,7068.2,7061.23,0
2018-27-06,6969.67,7096.6,0
2018-28-06,7031.6,6963.37,0
2018-29-06,7040.8,7071.49,0
2018-02-07,7097.82,6979.54,0
2018-03-07,7014.55,7121.71,0
2018-05-07,7101.05,7064,0
2018-06-07,7207.33,7114.17,0
2018-09-07,7276,7251.18,0
2018-10-07,7282.6,7287.05,0
2018-11-07,7243.98,7221.66,0
2018-12-07,7366.25,7276.38,0
2018-13-07,7375.82,7372.28,0
2018-16-07,7357.9,7381.03,0
2018-17-07,7403.89,7291.48,0
2018-18-07,7390.13,7407.25,0
2018-19-07,7352.36,7364.66,0
2018-20-07,7350.23,7379.13,0
2018-23-07,7371.78,7335.42,0
2018-24-07,7406.25,7455.51,0
2018-25-07,7508.59,7406.1,0
2018-26-07,7400.75,7404.56,0
2018-27-07,7296.78,7443.24,0
2018-30-07,7193.1,7292.72,0
2018-31-07,7231.98,7219.67,0
2018-01-08,7272.89,7269.2,0
2018-02-08,7372.15,7221.35,0
2018-03-08,7395.49,7389.36,0
2018-06-08,7438.99,7390.82,0
2018-07-08,7462.65,7459.32,0
2018-08-08,7469.54,7454.42,0
2018-09-08,7466.96,7467.51,0
2018-10-08,7408.3,7409.05,0
2018-13-08,7401.17,7420.18,0
2018-14-08,7447.17,7430.45,0
2018-15-08,7354.66,7385.67,0
2018-16-08,7374.29,7409.61,0
2018-17-08,7377.54,7352.63,0
2018-20-08,7371.42,7393.58,0
2018-21-08,7397.23,7393.46,0
2018-22-08,7424.6,7379.84,0
2018-23-08,7413.84,7420.31,0
2018-24-08,7485.4,7443.71,0
2018-27-08,7559.13,7527.37,0
2018-28-08,7570.25,7580.85,0
2018-29-08,7660.18,7585.13,0
2018-30-08,7642.67,7645.11,0
2018-31-08,7654.55,7634.44,0
2018-04-09,7622.32,7629.34,0
2018-05-09,7523.26,7600.95,0
2018-06-09,7453.17,7527.22,0
2018-07-09,7430.26,7402.19,0
2018-10-09,7447.68,7466.76,0
2018-11-09,7507.87,7415.09,0
2018-12-09,7488.06,7493.38,0
2018-13-09,7561.69,7535.23,0
2018-14-09,7545.5,7575.38,0
2018-17-09,7434.73,7522.59,0
2018-18-09,7494.4,7440.86,0
2018-19-09,7490.32,7498.24,0
2018-20-09,7569.03,7534.02,0
2018-21-09,7531.07,7587.39,0
2018-24-09,7548.75,7477.45,0
2018-25-09,7563.19,7552.02,0
2018-26-09,7563.09,7563.96,0
2018-27-09,7629.57,7600.35,0
2018-28-09,7627.65,7612.65,0
2018-01-10,7645.45,7673,0
2018-02-10,7628.28,7632.37,0
2018-03-10,7637.43,7663.09,0
2018-04-10,7490,7603.01,0
2018-05-10,7399.01,7482.04,0
2018-08-10,7352.82,7356.54,0
2018-09-10,7371.62,7352.44,0
2018-10-10,7044.5,7319.81,0
2018-11-10,6964.03,7013.48,0
2018-12-10,7157.21,7150.21,0
2018-15-10,7068.67,7129.31,0
2018-16-10,7276.43,7141.67,0
2018-17-10,7278.63,7310,0
2018-18-10,7116.09,7250.92,0
2018-19-10,7107.23,7169.45,0
2018-22-10,7141.21,7146.03,0
2018-23-10,7118.67,7002.69,0
2018-24-10,6789.15,7101.85,0
2018-25-10,7016.39,6891.27,0
2018-26-10,6852.4,6804.69,0
2018-29-10,6713.9,6954.69,0
2018-30-10,6810.12,6673.84,0
2018-31-10,6967.1,6933.11,0
2018-01-11,7069.17,6980.79,0
2018-02-11,6965.29,7042.3,0
2018-05-11,6937.09,6946.15,0
2018-06-11,6988.85,6939.13,0
2018-07-11,7203.13,7068.5,0
2018-08-11,7158.59,7176.19,0
2018-09-11,7039.15,7095.45,0
2018-12-11,6829.1,6990.37,0
2018-13-11,6830.91,6858.59,0
2018-14-11,6769.87,6896.2,0
2018-15-11,6890.45,6750.63,0
2018-16-11,6867.02,6823.03,0
2018-19-11,6642.92,6832.25,0
2018-20-11,6526.96,6475.68,0
2018-21-11,6575.66,6608.12,0
2018-23-11,6527.35,6525.02,0
2018-26-11,6678.34,6616.79,0
2018-27-11,6701.04,6639.39,0
2018-28-11,6913.33,6756.13,0
2018-29-11,6892.4,6890.84,0
2018-30-11,6949.01,6902.24,0
2018-03-12,7062.13,7106.84,0
2018-04-12,6795.21,7026.81,0
2018-06-12,6838.85,6652.13,0
2018-07-12,6613.27,6806.63,0
2018-10-12,6682.74,6603.36,0
2018-11-12,6704.24,6782.41,0
2018-12-12,6763.96,6800.55,0
2018-13-12,6767.97,6805.7,0
2018-14-12,6594.96,6679.91,0
2018-17-12,6448.39,6571,0
2018-18-12,6491.52,6503.12,0
2018-19-12,6342.97,6480.31,0
2018-20-12,6243.19,6312.72,0
2018-21-12,6046.56,6293.05,0
2018-24-12,5899.35,5994.08,0
2018-26-12,6262.77,5969.08,0
2018-27-12,6288.3,6168.6,0
2018-28-12,6285.27,6326.62,0
2018-31-12,6329.96,6354.84,0
2019-02-01,6360.87,6198.68,0
2019-03-01,6147.13,6274.76,0
2019-04-01,6422.67,6250.05,0
2019-07-01,6488.25,6434.55,0
2019-08-01,6551.85,6555.91,0
2019-09-01,6600.69,6576.54,0
2019-10-01,6620.94,6551.05,0
2019-11-01,6601.4,6579.89,0
2019-14-01,6541.04,6536.37,0
2019-15-01,6669.64,6571.15,0
2019-16-01,6668.56,6677.38,0
2019-17-01,6718.45,6646.19,0
2019-18-01,6784.61,6771.52,0
2019-22-01,6646.81,6736.65,0
2019-23-01,6658.76,6689.08,0
2019-24-01,6702.55,6680.34,0
2019-25-01,6787.37,6755.67,0
2019-28-01,6697.09,6691.84,0
2019-29-01,6632.79,6695.71,0
2019-30-01,6807.91,6708.56,0
2019-31-01,6906.84,6840.93,0
2019-01-02,6875.52,6872.73,0
2019-04-02,6959.96,6876.56,0
2019-05-02,7023.52,6969.37,0
2019-06-02,6997.62,7023.89,0
2019-07-02,6904.98,6934.33,0
2019-08-02,6913.13,6843.33,0
2019-11-02,6909.18,6941.26,0
2019-12-02,7014.67,6960.55,0
2019-13-02,7015.88,7038.32,0
2019-14-02,7022.42,6986.51,0
2019-15-02,7055.18,7066.38,0
2019-19-02,7066.61,7033.37,0
2019-20-02,7062.34,7070.24,0
2019-21-02,7035.16,7047.08,0
2019-22-02,7090.63,7055.2,0
2019-25-02,7115.43,7144.34,0
2019-26-02,7123.22,7098.97,0
2019-27-02,7117,7095.75,0
2019-28-02,7097.53,7093.2,0
2019-01-03,7151.57,7152.08,0
2019-04-03,7150.83,7193.88,0
2019-05-03,7156.79,7156.66,0
2019-06-03,7112.47,7156.24,0
2019-07-03,7026.88,7089.63,0
2019-08-03,7015.69,6940.9,0
2019-11-03,7164.02,7050.05,0
2019-12-03,7201.28,7176.23,0
2019-13-03,7256.98,7231.05,0
2019-14-03,7243.01,7257.31,0
2019-15-03,7306.99,7274.14,0
2019-18-03,7326.28,7311.63,0
2019-19-03,7349.28,7357.58,0
2019-20-03,7380.75,7348.99,0
2019-21-03,7493.27,7356.94,0
2019-22-03,7326.06,7458.44,0
2019-25-03,7316.96,7299.93,0
2019-26-03,7351.15,7378.23,0
2019-27-03,7308.19,7364.47,0
2019-28-03,7320.47,7325.06,0
2019-29-03,7378.77,7377.77,0
2019-01-04,7478.42,7450.81,0
2019-02-04,7499.64,7473.51,0
2019-03-04,7544.97,7538.17,0
2019-04-04,7540.57,7542.16,0
2019-05-04,7578.84,7564.27,0
2019-08-04,7599.74,7565.06,0
2019-09-04,7568.49,7571.88,0
2019-10-04,7611.49,7581.39,0
2019-11-04,7594.89,7621.4,0
2019-12-04,7628.15,7624.15,0
2019-15-04,7629.12,7630.6,0
2019-16-04,7654.73,7651.19,0
2019-17-04,7680.72,7705.32,0
2019-18-04,7689.72,7688.93,0
2019-22-04,7713.49,7658.37,0
2019-23-04,7810.71,7724.17,0
2019-24-04,7784.41,7813.02,0
2019-25-04,7816.92,7850.71,0
2019-26-04,7826.68,7791.15,0
2019-29-04,7839.04,7825.64,0
2019-30-04,7781.46,7769.3,0
2019-01-05,7751.85,7828.14,0
2019-02-05,7724.06,7751.64,0
2019-03-05,7845.73,7784.29,0
2019-06-05,7794.09,7662.92,0
2019-07-05,7640.15,7713.49,0
2019-08-05,7617.55,7623.32,0
2019-09-05,7582.75,7525.81,0
2019-10-05,7586.53,7556.04,0
2019-13-05,7324.13,7385.55,0
2019-14-05,7401.88,7366.64,0
2019-15-05,7503.25,7354.82,0
2019-16-05,7580.14,7509.9,0
2019-17-05,7503.68,7513.15,0
2019-20-05,7376.7,7391.73,0
2019-21-05,7451.02,7442.31,0
2019-22-05,7420.66,7413.84,0
2019-23-05,7307.93,7331.67,0
2019-24-05,7300.96,7353.97,0
2019-28-05,7278.38,7321.27,0
2019-29-05,7216.86,7222.55,0
2019-30-05,7245.4,7234.83,0
2019-31-05,7127.96,7148.71,0
2019-03-06,6978.02,7110.34,0
2019-04-06,7166.75,7056.18,0
2019-05-06,7220.9,7230.81,0
2019-06-06,7275.93,7229.86,0
2019-07-06,7417.29,7315.33,0
2019-10-06,7501.93,7472.6,0
2019-11-06,7513.85,7584.75,0
2019-12-06,7472.29,7493.55,0
2019-13-06,7510.68,7500.85,0
2019-14-06,7479.11,7476.47,0
2019-17-06,7526.52,7500.28,0
2019-18-06,7635.4,7606.61,0
2019-19-06,7667.74,7652.52,0
2019-20-06,7738.05,7770.17,0
2019-21-06,7728.78,7719.42,0
2019-24-06,7723.02,7737,0
2019-25-06,7591.54,7720.91,0
2019-26-06,7627.05,7642.92,0
2019-27-06,7657.05,7656.68,0
2019-28-06,7671.07,7674.52,0
2019-01-07,7768.14,7816.56,0
2019-02-07,7799.82,7763.03,0
2019-03-07,7857.69,7819.06,0
2019-05-07,7841.3,7806.07,0
2019-08-07,7785.79,7790.46,0
2019-09-07,7826.86,7748.29,0
2019-10-07,7903.4,7869.73,0
2019-11-07,7896.78,7918.65,0
2019-12-07,7943.24,7908.58,0
2019-15-07,7966.93,7961.07,0
2019-16-07,7927.08,7958.44,0
2019-17-07,7888.76,7927.91,0
2019-18-07,7904.13,7850.12,0
2019-19-07,7834.9,7944.86,0
2019-22-07,7905.12,7862.38,0
2019-23-07,7954.56,7946.05,0
2019-24-07,8010.6,7928.78,0
2019-25-07,7929.87,7979.14,0
2019-26-07,8016.95,7992.13,0
2019-29-07,7989.08,8010.05,0
2019-30-07,7952.47,7927.56,0
2019-31-07,7848.78,7972.76,0
2019-01-08,7801.15,7866.6,0
2019-02-08,7692.8,7740.91,0
2019-05-08,7415.69,7510.02,0
2019-06-08,7521.32,7492.02,0
2019-07-08,7551.9,7436.14,0
2019-08-08,7724.83,7608.03,0
2019-09-08,7646.27,7684.56,0
2019-12-08,7561.68,7597.19,0
2019-13-08,7728.15,7553.43,0
2019-14-08,7490.13,7594.64,0
2019-15-08,7484.89,7503.14,0
2019-16-08,7604.11,7548.9,0
2019-19-08,7719.32,7715.41,0
2019-20-08,7664.47,7708.31,0
2019-21-08,7733.22,7731.75,0
2019-22-08,7707.43,7750.98,0
2019-23-08,7464.99,7658.48,0
2019-26-08,7575.02,7540.69,0
2019-27-08,7566.03,7630.46,0
2019-28-08,7587.9,7536.7,0
2019-29-08,7702.31,7678.69,0
2019-30-08,7691,7743.23,0
2019-03-09,7609.51,7634.03,0
2019-04-09,7719.25,7683.78,0
2019-05-09,7862.54,7803.45,0
2019-06-09,7852.54,7868.87,0
2019-09-09,7832.4,7876.4,0
2019-10-09,7814.74,7793.28,0
2019-11-09,7887.58,7820.71,0
2019-12-09,7917.34,7931.96,0
2019-13-09,7892.95,7903.73,0
2019-16-09,7852.41,7833.73,0
2019-17-09,7888.79,7849.88,0
2019-18-09,7888.56,7877.58,0
2019-19-09,7901.79,7904.39,0
2019-20-09,7823.55,7901.46,0
2019-23-09,7818.61,7815.23,0
2019-24-09,7710.04,7855.97,0
2019-25-09,7803.54,7706.5,0
2019-26-09,7771.99,7794.28,0
2019-27-09,7681.58,7786.03,0
2019-30-09,7749.45,7705.97,0
2019-01-10,7684.14,7782.82,0
2019-02-10,7550.79,7627.59,0
2019-03-10,7638.39,7557.19,0
2019-04-10,7754.1,7677.33,0
2019-07-10,7725.13,7725.68,0
2019-08-10,7604.27,7671.38,0
2019-09-10,7690.53,7678.66,0
2019-10-10,7740.36,7688.42,0
2019-11-10,7843.87,7835.93,0
2019-14-10,7842.33,7834.74,0
2019-15-10,7942.85,7867.96,0
2019-16-10,7920.21,7911.99,0
2019-17-10,7942.14,7976.64,0
2019-18-10,7868.49,7938.3,0
2019-21-10,7940.33,7911.58,0
2019-22-10,7874.62,7968.25,0
2019-23-10,7889.47,7858.48,0
2019-24-10,7966.72,7956.23,0
2019-25-10,8029.22,7926.6,0
2019-28-10,8110.67,8071.39,0
2019-29-10,8047.51,8101.55,0
2019-30-10,8083.11,8056.9,0
2019-31-10,8083.83,8100.62,0
2019-01-11,8161.17,8121.95,0
2019-04-11,8210.66,8218.93,0
2019-05-11,8210.18,8225.35,0
2019-06-11,8196.03,8204.34,0
2019-07-11,8219.65,8237.68,0
2019-08-11,8255.89,8208.37,0
2019-11-11,8241.91,8212.37,0
2019-12-11,8263.79,8249.62,0
2019-13-11,8259.81,8235.68,0
2019-14-11,8257.83,8238.85,0
2019-15-11,8315.52,8303.84,0
2019-18-11,8328.48,8303.22,0
2019-19-11,8338.74,8357.43,0
2019-20-11,8283.75,8315.55,0
2019-21-11,8265.62,8273.95,0
2019-22-11,8272.05,8287.25,0
2019-25-11,8371.93,8309.55,0
2019-26-11,8385.75,8374.26,0
2019-27-11,8444.71,8407.23,0
2019-29-11,8403.68,8422.02,0
2019-02-12,8309.26,8409.87,0
2019-03-12,8254.74,8201.63,0
2019-04-12,8296.53,8291.86,0
2019-05-12,8308.4,8321.19,0
2019-06-12,8397.37,8370.23,0
2019-09-12,8362.74,8388.75,0
2019-10-12,8354.29,8364.55,0
2019-11-12,8402.61,8371.65,0
2019-12-12,8466.89,8391.91,0
2019-13-12,8487.71,8461.42,0
2019-16-12,8570.33,8544.26,0
2019-17-12,8575.7,8586.33,0
2019-18-12,8580.62,8587.2,0
2019-19-12,8641.29,8592.68,0
2019-20-12,8678.49,8666.57,0
2019-23-12,8696.01,8703.06,0
2019-24-12,8699.51,8705.3,0
2019-26-12,8778.31,8717.95,0
2019-27-12,8770.98,8805.86,0
2019-30-12,8709.73,8766.39,0
2019-31-12,8733.07,8681.33,0
2020-02-01,8872.22,8802.22,0
2020-03-01,8793.9,8755.17,0
2020-06-01,8848.52,8713.89,0
2020-07-01,8846.45,8857.14,0
2020-08-01,8912.37,8845.45,0
2020-09-01,8989.63,8990.04,0
2020-10-01,8966.64,9021.88,0
2020-13-01,9070.65,9007.94,0
2020-14-01,9033.42,9068.02,0
2020-15-01,9035.67,9039.31,0
2020-16-01,9125,9088.08,0
2020-17-01,9173.73,9159.48,0
2020-21-01,9166.63,9145.64,0
2020-22-01,9188.57,9212.35,0
2020-23-01,9216.98,9186.14,0
2020-24-01,9141.47,9266.35,0
2020-27-01,8952.18,8913.16,0
2020-28-01,9090.93,9013.23,0
2020-29-01,9101.61,9141.52,0
2020-30-01,9136.09,9038.92,0
2020-31-01,8991.51,9142.53,0
2020-03-02,9126.23,9033.52,0
2020-04-02,9334.06,9256.94,0
2020-05-02,9367.48,9441.34,0
2020-06-02,9445.92,9395.69,0
2020-07-02,9401.1,9397.77,0
2020-10-02,9516.84,9373.2,0
2020-11-02,9517.86,9567.81,0
2020-12-02,9613.2,9569.82,0
2020-13-02,9595.7,9540.67,0
2020-14-02,9623.58,9613.88,0
2020-18-02,9629.8,9567.27,0
2020-19-02,9718.73,9683.94,0
2020-20-02,9627.83,9696.66,0
2020-21-02,9446.69,9582.54,0
2020-24-02,9079.63,9055.3,0
2020-25-02,8834.87,9167.33,0
2020-26-02,8873.76,8883.01,0
2020-27-02,8436.67,8632.54,0
2020-28-02,8461.83,8133.85,0
2020-02-03,8877.98,8569.91,0
2020-03-03,8594.49,8892.68,0
2020-04-03,8949.28,8745.64,0
2020-05-03,8671.66,8713.19,0
2020-06-03,8530.34,8395.95,0
2020-09-03,7948.03,7912.14,0
2020-10-03,8372.27,8213.97,0
2020-11-03,8006.12,8166.26,0
2020-12-03,7263.65,7452.76,0
2020-13-03,7995.26,7683.04,0
2020-16-03,7020.38,7502.26,0
2020-17-03,7473.95,7198.53,0
2020-18-03,7175.18,7023.86,0
2020-19-03,7288.52,7190.21,0
2020-20-03,6994.29,7391.22,0
2020-23-03,7006.92,6952.71,0
2020-24-03,7553.82,7348.99,0
2020-25-03,7469.62,7543.96,0
2020-26-03,7897.13,7549.83,0
2020-27-03,7588.37,7657.44,0
2020-30-03,7889.01,7678.83,0
2020-31-03,7813.5,7855.74,0
2020-01-04,7486.29,7582.78,0
2020-02-04,7635.66,7445.88,0
2020-03-04,7528.11,7631.57,0
2020-06-04,8081.66,7819.06,0
2020-07-04,8049.31,8287.48,0
2020-08-04,8229.54,8134.3,0
2020-09-04,8238.53,8284.31,0
2020-13-04,8332.74,8209.68,0
2020-14-04,8692.16,8489.27,0
2020-15-04,8591.96,8548.47,0
2020-16-04,8757.83,8689.09,0
2020-17-04,8832.41,8876.66,0
2020-20-04,8726.51,8742.54,0
2020-21-04,8403,8639.74,0
2020-22-04,8664.63,8575.57,0
2020-23-04,8641.5,8693.73,0
2020-24-04,8786.6,8666.57,0
2020-27-04,8837.66,8865.58,0
2020-28-04,8677.6,8913.28,0
2020-29-04,8982.76,8871.04,0
2020-30-04,9000.51,9005.24,0
2020-01-05,8718.18,8791.88,0
2020-04-05,8834.11,8683.94,0
2020-05-05,8930.62,8922.39,0
2020-06-05,8984.86,8997.02,0
2020-07-05,9101.88,9104.67,0
2020-08-05,9220.35,9165.7,0
2020-11-05,9298.92,9155.21,0
2020-12-05,9112.45,9326.06,0
2020-13-05,9000.08,9123.69,0
2020-14-05,9094.43,8946.45,0
2020-15-05,9152.64,8976.29,0
2020-18-05,9331.93,9281.36,0
2020-19-05,9298.54,9326.28,0
2020-20-05,9485.02,9415.25,0
2020-21-05,9377.99,9487.63,0
2020-22-05,9413.99,9363.68,0
2020-26-05,9389.98,9570.53,0
2020-27-05,9442.05,9366.63,0
2020-28-05,9416.71,9404.83,0
2020-29-05,9555.52,9440.64,0
2020-01-06,9598.89,9526.43,0
2020-02-06,9657.31,9603.18,0
2020-03-06,9704.69,9689.72,0
2020-04-06,9629.66,9672.17,0
2020-05-06,9824.39,9673.09,0
2020-08-06,9901.52,9805.69,0
2020-09-06,9967.17,9861.18,0
2020-10-06,10094.26,10037.98,0
2020-11-06,9588.48,9907.56,0
2020-12-06,9663.77,9785.58,0
2020-15-06,9776.89,9517.14,0
2020-16-06,9949.37,9983.65,0
2020-17-06,9982.48,9998.86,0
2020-18-06,10012.05,9972.35,0
2020-19-06,10008.64,10104.63,0
2020-22-06,10130.33,10009,0
2020-23-06,10209.82,10192.42,0
2020-24-06,10002.7,10183.77,0
2020-25-06,10101.83,10003.5,0
2020-26-06,9849.36,10087.08,0
2020-29-06,9961.16,9850.55,0
2020-30-06,10156.85,9970.21,0
2020-01-07,10279.25,10160.41,0
2020-02-07,10341.89,10386.38,0
2020-06-07,10604.06,10487.7,0
2020-07-07,10524.01,10595.94,0
2020-08-07,10666.7,10594.41,0
2020-09-07,10754.59,10745.87,0
2020-10-07,10836.33,10751.77,0
2020-13-07,10602.21,10951.54,0
2020-14-07,10689.52,10502.85,0
2020-15-07,10701.68,10752.11,0
2020-16-07,10626.46,10589.86,0
2020-17-07,10645.22,10651.59,0
2020-20-07,10952.08,10672.96,0
2020-21-07,10833.07,11015.54,0
2020-22-07,10870.75,10850.92,0
2020-23-07,10580.59,10853.16,0
2020-24-07,10483.13,10389.53,0
2020-27-07,10674.38,10547.11,0
2020-28-07,10532.5,10644.33,0
2020-29-07,10662.98,10602.4,0
2020-30-07,10715.51,10578.62,0
2020-31-07,10905.88,10886.36,0
2020-03-08,11055.08,11018.02,0
2020-04-08,11096.54,11075.04,0
2020-05-08,11125.44,11107.24,0
2020-06-08,11267.08,11116.49,0
2020-07-08,11139.39,11235.23,0
2020-10-08,11085.17,11153.51,0
2020-11-08,10876.08,11039.68,0
2020-12-08,11157.72,10972.07,0
2020-13-08,11178.37,11174.64,0
2020-14-08,11164.45,11187.82,0
2020-17-08,11288.57,11231.97,0
2020-18-08,11399.03,11339.76,0
2020-19-08,11318.64,11397.23,0
2020-20-08,11477.05,11277.05,0
2020-21-08,11555.16,11476.85,0
2020-24-08,11626.17,11703.34,0
2020-25-08,11721.81,11610.58,0
2020-26-08,11971.94,11779.35,0
2020-27-08,11926.16,11997.89,0
2020-28-08,11995.85,11992.68,0
2020-31-08,12110.7,12017.46,0
2020-01-09,12292.86,12203.36,0
2020-02-09,12420.54,12417.45,0
2020-03-09,11771.37,12195.75,0
2020-04-09,11622.13,11686.24,0
2020-08-09,11068.26,11143.91,0
2020-09-09,11395.85,11308.25,0
2020-10-09,11154.12,11501.43,0
2020-11-09,11087.4,11251.19,0
2020-14-09,11277.76,11250.8,0
2020-15-09,11438.87,11432.94,0
2020-16-09,11247.6,11467.9,0
2020-17-09,11080.95,10965.74,0
2020-18-09,10936.98,11147.8,0
2020-21-09,10980.22,10768.01,0
2020-22-09,11186.37,11082.09,0
2020-23-09,10833.33,11167.22,0
2020-24-09,10896.47,10746.35,0
2020-25-09,11151.13,10910.5,0
2020-28-09,11364.45,11332.32,0
2020-29-09,11322.95,11354.7,0
2020-30-09,11418.06,11328.55,0
2020-01-10,11583.2,11554.96,0
2020-02-10,11255.69,11328.85,0
2020-05-10,11509.06,11345.24,0
2020-06-10,11291.27,11476.68,0
2020-07-10,11503.19,11412.65,0
2020-08-10,11550.94,11576.44,0
2020-09-10,11725.85,11615.57,0
2020-12-10,12088.11,11900.12,0
2020-13-10,12083.17,12131.07,0
2020-14-10,11985.36,12105.1,0
2020-15-10,11898.57,11767.27,0
2020-16-10,11852.17,11952.12,0
2020-19-10,11634.35,11913.01,0
2020-20-10,11677.84,11679.08,0
2020-21-10,11665.37,11686.19,0
2020-22-10,11662.91,11712.64,0
2020-23-10,11692.57,11680.72,0
2020-26-10,11504.52,11584.17,0
2020-27-10,11598.95,11560.86,0
2020-28-10,11142.76,11400.48,0
2020-29-10,11350.74,11214.33,0
2020-30-10,11052.95,11265.7,0
2020-02-11,11084.76,11152.48,0
2020-03-11,11279.91,11155.84,0
2020-04-11,11777.02,11627.76,0
2020-05-11,12078.07,12021.77,0
2020-06-11,12091.35,12044.29,0
2020-09-11,11830.39,12194.71,0
2020-10-11,11624.29,11704.46,0
2020-11-11,11892.93,11734.81,0
2020-12-11,11827.14,11924.15,0
2020-13-11,11937.84,11910.62,0
2020-16-11,12013.38,11925.36,0
2020-17-11,11977.49,12030.27,0
2020-18-11,11894.71,11963.36,0
2020-19-11,11985.43,11863.12,0
2020-20-11,11906.44,11976,0
2020-23-11,11905.94,11959.89,0
2020-24-11,12079.81,11952.7,0
2020-25-11,12152.22,12112.11,0
2020-27-11,12258.21,12220.37,0
2020-30-11,12268.32,12278.78,0
2020-01-12,12455.33,12387.62,0
2020-02-12,12456.41,12390.58,0
2020-03-12,12467.13,12469.16,0
2020-04-12,12528.48,12479.91,0
2020-07-12,12596.47,12523.57,0
2020-08-12,12635.72,12574.84,0
2020-09-12,12364.64,12626.97,0
2020-10-12,12401.74,12268.47,0
2020-11-12,12375.41,12327.07,0
2020-14-12,12462.21,12427.86,0
2020-15-12,12595.92,12565.28,0
2020-16-12,12668.16,12607.87,0
2020-17-12,12752.06,12741.64,0
2020-18-12,12738.18,12786.92,0
2020-21-12,12690.26,12575.6,0
2020-22-12,12717.56,12715.48,0
2020-23-12,12653.14,12733.75,0
2020-24-12,12711.01,12668.19,0
2020-28-12,12838.86,12813.97,0
2020-29-12,12843.49,12909.86,0
2020-30-12,12845.36,12900.03,0
2020-31-12,12888.28,12852.96,0
2021-04-01,12694.66,12950.22,0.048387097
2021-05-01,12802.38,12663.13,0.043478261
2021-06-01,12623.35,12601.26,0.291666667
2021-07-01,12939.57,12745.41,0.342857143
2021-08-01,13105.2,13037.24,-0.145454545
2021-11-01,12902.49,12961.5,0.123287671
2021-12-01,12892.09,12916.1,0.101694915
2021-13-01,12973.63,12911.87,0.121212121
2021-14-01,12898.69,13010.94,0.015151515
2021-15-01,12803.93,12898.09,0.111111111
2021-19-01,12996.54,12921.61,0.028571429
2021-20-01,13296.45,13155.12,-0.013888889
2021-21-01,13404.99,13356.7,0.03030303
2021-22-01,13366.4,13356.18,0.029850746
2021-25-01,13483.29,13515.63,0.078125
2021-26-01,13490.19,13507.47,-0.014925373
2021-27-01,13112.65,13371.16,-0.04109589
2021-28-01,13201.53,13163.32,0
2021-29-01,12925.38,13124.7,0
2021-01-02,13248.9,13067.65,0.095890411
2021-02-02,13456.12,13371.37,0.054054054
2021-03-02,13402.37,13555.03,0.084507042
2021-04-02,13560.89,13454.85,-0.01369863
2021-05-02,13603.96,13592.77,0.208955224
2021-08-02,13695.02,13672.33,0.095238095
2021-09-02,13687.08,13667.14,0.115942029
2021-10-02,13655.27,13751.42,-0.042857143
2021-11-02,13734.35,13723.63,-0.014285714
2021-12-02,13807.7,13695.9,0.015151515
2021-16-02,13773.77,13841.03,0
2021-17-02,13699.71,13636.15,-0.040816327
2021-18-02,13637.51,13556.01,-0.044117647
2021-19-02,13580.78,13686.23,0.126984127
2021-22-02,13223.74,13414.04,0.079365079
2021-23-02,13194.71,12982.36,-0.1
2021-24-02,13302.19,13095.86,0.014285714
2021-25-02,12828.31,13197.75,-0.014925373
2021-26-02,12909.44,12958.96,0
2021-01-03,13282.95,13106.02,0.142857143
2021-02-03,13059.95,13297.76,-0.032786885
2021-03-03,12683.33,13020.1,0.060606061
2021-04-03,12464,12655.92,-0.014705882
2021-05-03,12668.51,12594.16,0.223880597
2021-08-03,12299.08,12629.56,-0.028169014
2021-09-03,12794.49,12635.45,0.114285714
2021-10-03,12752.07,12950.25,0.151515152
2021-11-03,13052.9,12960.53,0.044776119
2021-12-03,12937.29,12873.39,0.246153846
2021-15-03,13082.54,12936.13,0.073529412
2021-16-03,13152.28,13156.65,-0.014492754
2021-17-03,13202.38,13024.83,-0.094594595
2021-18-03,12789.14,13006.29,-0.044776119
2021-19-03,12866.99,12792.67,-0.088235294
2021-22-03,13086.51,12943.14,0.098591549
2021-23-03,13017.79,13127.17,-0.072463768
2021-24-03,12798.88,13072.82,-0.166666667
2021-25-03,12780.51,12707.58,0.085714286
2021-26-03,12979.12,12777.27,0.082191781
2021-29-03,12965.74,12950.51,-0.04109589
2021-30-03,12896.53,12904.01,-0.01369863
2021-31-03,13091.44,12970.33,-0.014492754
2021-01-04,13329.51,13268.88,0.067567568
2021-05-04,13598.16,13434.04,0.126760563
2021-06-04,13578.46,13567.2,0
2021-07-04,13616.7,13553.9,-0.013888889
2021-08-04,13758.5,13730.73,0
2021-09-04,13845.05,13709.67,0.015384615
2021-12-04,13819.35,13792.74,0.042253521
2021-13-04,13986.49,13874.58,0.013888889
2021-14-04,13803.91,13973.82,0
2021-15-04,14026.19,13934.87,0.123287671
2021-16-04,14041.91,14035.96,0.144927536
2021-19-04,13907.67,13970.83,0.132352941
2021-20-04,13809.3,13891.96,-0.04
2021-21-04,13935.15,13768.92,0.072463768
2021-22-04,13762.36,13920.88,0.028571429
2021-23-04,13941.44,13794.49,0
2021-26-04,14026.16,13954.94,0.123287671
2021-27-04,13960.28,14048.13,0.108108108
2021-28-04,13901.62,13953.61,-0.013333333
2021-29-04,13970.2,14063.94,0.013333333
2021-30-04,13860.76,13857.79,-0.028571429
2021-03-05,13799.72,13923.04,0.01369863
2021-04-05,13544.67,13680.63,0.04
2021-05-05,13503.37,13649.12,0.04109589
2021-06-05,13613.73,13490.94,0.013513514
2021-07-05,13719.63,13715.56,0.027777778
2021-10-05,13359.08,13647.73,-0.013513514
2021-11-05,13351.27,13102.64,-0.042253521
2021-12-05,13001.63,13155.07,-0.084507042
2021-13-05,13109.15,13133.73,0.014084507
2021-14-05,13312.91,13238.99,0
2021-17-05,13312.91,13329.86,-0.126760563
2021-18-05,13217.68,13352.26,0.042857143
2021-19-05,13237.91,12998.53,-0.061538462
2021-20-05,13494.09,13294.59,0.059701493
2021-21-05,13411.74,13573.22,0.075757576
2021-24-05,13641.75,13504.39,0.2
2021-25-05,13657.73,13701.3,-0.014492754
2021-26-05,13702.74,13687.71,0.074626866
2021-27-05,13657.85,13686.86,-0.049180328
2021-28-05,13686.51,13717,-0.039215686
2021-01-06,13654.59,13764.27,0.064516129
2021-02-06,13675.79,13655.71,0.147540984
2021-03-06,13529.68,13568.91,-0.049180328
2021-04-06,13770.77,13619.79,-0.036363636
2021-07-06,13802.89,13744.15,-0.046875
2021-08-06,13810.86,13873.46,0.112903226
2021-09-06,13814.94,13865.51,-0.142857143
2021-10-06,13960.35,13834.26,0
2021-11-06,13998.3,13959.47,-0.032258065
2021-14-06,14128.2,14002.14,0.05
2021-15-06,14030.41,14120.81,-0.015151515
2021-16-06,13983.01,14053.12,0
2021-17-06,14163.81,13946.7,0.015625
2021-18-06,14049.58,14125.12,0.042253521
2021-21-06,14137.23,14055.04,0.014925373
2021-22-06,14270.42,14140.3,0.096774194
2021-23-06,14274.24,14275.09,0.092307692
2021-24-06,14365.96,14358.3,0.047619048
2021-25-06,14345.18,14396.63,0.047619048
2021-28-06,14524.98,14401.63,0.028985507
2021-29-06,14572.75,14523.63,0.069444444
2021-30-06,14554.8,14560.07,0.076923077
2021-01-07,14560.05,14530.63,0.051724138
2021-02-07,14727.63,14633.51,0.13559322
2021-06-07,14786.36,14755.15,0.078125
2021-07-07,14810.54,14889.76,0.015625
2021-08-07,14722.14,14577.67,0
2021-09-07,14826.09,14709.32,0.13559322
2021-12-07,14877.89,14878.71,0.129032258
2021-13-07,14874.54,14871.04,-0.016666667
2021-14-07,14900.44,14984.86,0.017857143
2021-15-07,14794.69,14903.49,-0.079365079
2021-16-07,14681.38,14842.08,0.054545455
2021-19-07,14549.09,14517.96,-0.104477612
2021-20-07,14728.21,14601.33,0.109375
2021-21-07,14842.63,14723.67,0.127272727
2021-22-07,14940.17,14865.46,0.13559322
2021-23-07,15111.79,15004.43,0.153846154
2021-26-07,15125.95,15088.28,-0.015151515
2021-27-07,14956.97,15103.01,0.044117647
2021-28-07,15018.1,15005.17,-0.028985507
2021-29-07,15048.36,15015.3,0.0625
2021-30-07,14959.9,14882.39,0.061538462
2021-02-08,14963.62,14959.9,0.089552239
2021-03-08,15061.42,14997.2,0.044117647
2021-04-08,15083.39,15059.16,0.085714286
2021-05-08,15181.64,15105.4,0.076923077
2021-06-08,15109.36,15125.74,0.073529412
2021-09-08,15133.11,15136.14,0.048387097
2021-10-08,15053.58,15157.37,0.119402985
2021-11-08,15027.76,15101.82,0.079365079
2021-12-08,15088.98,15012.6,0.1
2021-13-08,15136.68,15101.84,0
2021-16-08,15140.77,15090.05,0.075471698
2021-17-08,15002.83,15018.94,-0.092307692
2021-18-08,14857.92,14975.02,0.015625
2021-19-08,14933.94,14773.19,-0.049180328
2021-20-08,15092.57,14974.06,0.101694915
2021-23-08,15312.82,15140.14,0.06779661
2021-24-08,15357.68,15338.92,0.096774194
2021-25-08,15368.92,15384.83,0.049180328
2021-26-08,15278.52,15348.98,-0.031746032
2021-27-08,15432.95,15305.75,0.02173913
2021-30-08,15605.09,15460.93,0
2021-31-08,15582.51,15601.34,0.111111111
2021-01-09,15611.57,15637.13,0.0625
2021-02-09,15604.25,15656.28,-0.048387097
2021-03-09,15652.86,15578.96,-0.015873016
2021-07-09,15675.76,15662.3,0
2021-08-09,15620.85,15669.01,-0.031746032
2021-09-09,15561.05,15639.44,-0.044776119
2021-10-09,15440.75,15648.05,0.044117647
2021-13-09,15434.5,15545.66,0.032786885
2021-14-09,15382.9,15505.78,-0.047619048
2021-15-09,15503.53,15419.95,0.112903226
2021-16-09,15515.91,15452.67,-0.101694915
2021-17-09,15333.47,15481.43,0.106060606
2021-20-09,15012.19,15068.65,-0.140625
2021-21-09,15027.77,15096.97,0
2021-22-09,15176.51,15073.96,0.169491525
2021-23-09,15316.58,15231.2,-0.113207547
2021-24-09,15329.68,15222.97,0.0625
2021-27-09,15204.82,15205.23,0.114754098
2021-28-09,14770.3,15001.98,-0.061538462
2021-29-09,14752.89,14835.51,-0.078125
2021-30-09,14689.62,14830.3,-0.159090909
2021-01-10,14791.87,14731.38,-0.038461538
2021-04-10,14472.12,14713.6,-0.16
2021-05-10,14674.15,14533.43,0.104166667
2021-06-10,14766.75,14529.89,0
2021-07-10,14897.13,14899.07,-0.234042553
2021-08-10,14820.75,14942.36,0
2021-11-10,14713.73,14765.69,-0.014705882
2021-12-10,14662.11,14772.29,-0.045454545
2021-13-10,14774.6,14751.8,0.037037037
2021-14-10,15052.42,14925.58,0.016393443
2021-15-10,15146.92,15106.97,-0.033898305
2021-18-10,15300.89,15091.58,0.061538462
2021-19-10,15410.72,15349.45,0.105263158
2021-20-10,15388.71,15448,0.134615385
2021-21-10,15489.59,15365.81,0.057971014
2021-22-10,15355.07,15422.07,0
2021-25-10,15514.19,15417.25,0.02
2021-26-10,15559.49,15615.36,0.087719298
2021-27-10,15598.39,15603.16,0.061538462
2021-28-10,15778.16,15674.39,0.034482759
2021-29-10,15850.47,15638.74,-0.015151515
2021-01-11,15905.28,15879.61,0.038461538
2021-02-11,15972.49,15885.34,0
2021-03-11,16144.5,16000.6,0.081967213
2021-04-11,16346.24,16193.22,0.105263158
2021-05-11,16359.38,16397.59,0
2021-08-11,16336.03,16351.49,-0.016129032
2021-09-11,16219.94,16389.99,0.098360656
2021-10-11,15985.57,16087.01,0.125
2021-11-11,16032.47,16114.05,0.046875
2021-12-11,16199.89,16078.13,0.015873016
2021-15-11,16189.12,16227.01,0.092592593
2021-16-11,16309.77,16170.29,0.035087719
2021-17-11,16308.07,16329.07,0.016129032
2021-18-11,16482.97,16398.76,0.035087719
2021-19-11,16573.34,16558.56,0.081967213
2021-22-11,16380.98,16644.77,0.061538462
2021-23-11,16306.72,16330.18,0.101694915
2021-24-11,16367.81,16202.26,0.169811321
2021-26-11,16025.58,16237.41,-0.017857143
2021-29-11,16399.24,16263.43,0.060606061
2021-30-11,16135.92,16333.95,-0.215686275
2021-01-12,15877.72,16347.96,0
2021-02-12,15990.76,15791.3,-0.014925373
2021-03-12,15712.04,16039.41,-0.019230769
2021-06-12,15846.16,15744.91,0.186440678
2021-07-12,16325.66,16139.56,0.105263158
2021-08-12,16394.34,16313.88,0.13559322
2021-09-12,16149.57,16337.81,0.060606061
2021-10-12,16331.98,16278.3,0.226415094
2021-13-12,16082.55,16317.9,0.033333333
2021-14-12,15914.9,15877.65,-0.030769231
2021-15-12,16289.59,15908.45,0.089285714
2021-16-12,15863.94,16335.03,0.169811321
2021-17-12,15801.46,15714.54,0.06557377
2021-20-12,15627.64,15566.83,-0.079365079
2021-21-12,15986.28,15794.38,0.206896552
2021-22-12,16180.14,15963.54,0.333333333
2021-23-12,16308.21,16203.76,0.3
2021-27-12,16567.5,16361.07,0.079365079
2021-28-12,16488.66,16602.92,0.210526316
2021-29-12,16491.01,16510.63,0.237288136
2021-30-12,16429.1,16485.4,0.066666667
2021-31-12,16320.08,16411.26,0.176470588
2022-03-01,16501.77,16395.51,0.5
2022-04-01,16279.73,16513.87,-0.071428571
2022-05-01,15771.78,16190.55,-0.229166667
2022-06-01,15765.36,15675.22,-0.057692308
2022-07-01,15592.19,15774.13,0.019230769
2022-10-01,15614.43,15383.18,0.02
2022-11-01,15844.12,15582.72,0.166666667
2022-12-01,15905.1,15955.48,0.063829787
2022-13-01,15495.62,15970.09,-0.150943396
2022-14-01,15611.59,15396.47,-0.196078431
2022-18-01,15210.76,15378.06,-0.169811321
2022-19-01,15047.84,15287.25,-0.020408163
2022-20-01,14846.46,15176.38,0.173076923
2022-21-01,14438.4,14728.66,-0.150943396
2022-24-01,14509.58,14160.91,-0.134615385
2022-25-01,14149.12,14237.6,-0.06
2022-26-01,14172.76,14492.52,-0.098039216
2022-27-01,14003.11,14346.46,0.08
2022-28-01,14454.61,14091.31,0.142857143
2022-31-01,14930.05,14505.07,0.137254902
2022-01-02,15019.68,14966.6,0.18
2022-02-02,15139.74,15173.03,-0.08
2022-03-02,14501.11,14693.85,-0.18
2022-04-02,14694.35,14566.28,0.111111111
2022-07-02,14571.25,14716.43,-0.106382979
2022-08-02,14747.03,14533.25,0.06
2022-09-02,15056.96,14930.99,0.162790698
2022-10-02,14705.64,14770.67,-0.217391304
2022-11-02,14253.84,14739.46,-0.204545455
2022-14-02,14268.59,14233.4,-0.069767442
2022-15-02,14620.82,14482.11,0.282051282
2022-16-02,14603.64,14514.84,0.02173913
2022-17-02,14171.74,14485.08,-0.133333333
2022-18-02,14009.54,14207.55,-0.108695652
2022-22-02,13870.53,13892.81,-0.333333333
2022-23-02,13509.43,14016.94,-0.226415094
2022-24-02,13974.67,13065.44,0.058823529
2022-25-02,14189.16,13973.9,0.070175439
2022-28-02,14237.81,14058.61,-0.153846154
2022-01-03,14005.99,14197.66,-0.327272727
2022-02-03,14243.69,14075.11,-0.058823529
2022-03-03,14035.21,14339.7,-0.327272727
2022-04-03,13837.83,13957.6,-0.075471698
2022-07-03,13319.38,13853.53,-0.173076923
2022-08-03,13267.6,13275.23,-0.054545455
2022-09-03,13742.2,13610.48,-0.017857143
2022-10-03,13591,13577.84,-0.20754717
2022-11-03,13301.83,13701.8,-0.24137931
2022-14-03,13046.64,13248.09,-0.22
2022-15-03,13458.56,13174.97,-0.036363636
2022-16-03,13956.78,13633.12,-0.051724138
2022-17-03,14118.6,13878.99,-0.160714286
2022-18-03,14420.08,14061.29,0.163636364
2022-21-03,14376.09,14377.15,-0.087719298
2022-22-03,14654.33,14396.03,0.169491525
2022-23-03,14447.55,14525.22,-0.096153846
2022-24-03,14765.69,14529.72,0.053571429
2022-25-03,14754.31,14766.9,-0.155172414
2022-28-03,14987.4,14763.16,0.142857143
2022-29-03,15239.32,15142.93,0
2022-30-03,15071.55,15177.15,-0.089285714
2022-31-03,14838.49,15074.23,-0.120689655
2022-01-04,14861.21,14886.91,0.070175439
2022-04-04,15159.58,14903.38,0.181818182
2022-05-04,14820.64,15109.27,-0.215686275
2022-06-04,14498.88,14600.3,-0.055555556
2022-07-04,14531.81,14469.5,-0.075471698
2022-08-04,14327.26,14450.53,-0.25
2022-11-04,13990.21,14149.6,-0.104166667
2022-12-04,13940.24,14175.66,-0.186440678
2022-13-04,14217.29,13939.61,-0.12962963
2022-14-04,13893.21,14225.47,-0.271186441
2022-18-04,13910.76,13859.47,-0.303571429
2022-19-04,14210.26,13882.75,-0.163636364
2022-20-04,13998.53,14246.2,-0.263157895
2022-21-04,13720.45,14174.92,-0.290909091
2022-22-04,13356.87,13714.63,-0.175438596
2022-25-04,13533.22,13275.41,-0.226415094
2022-26-04,13009.71,13447.66,-0.206896552
2022-27-04,13003.36,13009.4,-0.038461538
2022-28-04,13456.06,13254.96,0.203703704
2022-29-04,12854.8,13274.94,-0.444444444
2022-02-05,13075.85,12864.83,-0.120689655
2022-03-05,13089.9,13045.35,0.089285714
2022-04-05,13535.71,13110.3,0.089285714
2022-05-05,12850.55,13344.79,-0.303030303
2022-06-05,12693.53,12776.86,-0.298245614
2022-09-05,12187.72,12465.91,-0.304347826
2022-10-05,12345.86,12496.84,-0.017241379
2022-11-05,11967.56,12240.21,-0.235294118
2022-12-05,11945.5,11790.13,-0.1875
2022-13-05,12387.4,12125.93,0
2022-16-05,12243.58,12297.07,-0.204081633
2022-17-05,12564.1,12496.63,0.157894737
2022-18-05,11928.31,12352.92,-0.346153846
2022-19-05,11875.63,11872.56,-0.177777778
2022-20-05,11835.62,12037.03,-0.254545455
2022-23-05,12034.28,11867.36,-0.071428571
2022-24-05,11769.84,11807.78,-0.413793103
2022-25-05,11943.93,11732.45,-0.288135593
2022-26-05,12276.79,11906.83,-0.142857143
2022-27-05,12681.42,12421.8,-0.068965517
2022-31-05,12642.1,12688.95,-0.237288136
2022-01-06,12548.36,12750.31,-0.333333333
2022-02-06,12892.89,12498.63,-0.053571429
2022-03-06,12548.03,12650.38,-0.381818182
2022-06-06,12599.63,12745.89,0
2022-07-06,12711.68,12456.49,-0.145454545
2022-08-06,12615.13,12682.81,-0.206896552
2022-09-06,12269.78,12543.37,-0.327586207
2022-10-06,11832.82,12052.59,-0.254237288
2022-13-06,11288.32,11472.19,-0.428571429
2022-14-06,11311.69,11385.18,-0.226415094
2022-15-06,11593.77,11468.13,0.020833333
2022-16-06,11127.57,11286.87,-0.406779661
2022-17-06,11265.99,11172.65,-0.482142857
2022-21-06,11546.76,11446.98,-0.220338983
2022-22-06,11527.71,11427.74,-0.245614035
2022-23-06,11697.68,11622.09,-0.018867925
2022-24-06,12105.85,11826.95,-0.137931034
2022-27-06,12008.24,12157.93,-0.230769231
2022-28-06,11637.77,12021.34,-0.288461538
2022-29-06,11658.26,11619.01,-0.145454545
2022-30-06,11503.72,11532.32,-0.240740741
2022-01-07,11585.68,11472.63,-0.211538462
2022-05-07,11779.9,11419.34,-0.089285714
2022-06-07,11852.59,11807.08,-0.092592593
2022-07-07,12109.05,11913.73,-0.035714286
2022-08-07,12125.69,11977.95,-0.035714286
2022-11-07,11860.28,12008.76,-0.326923077
2022-12-07,11744.99,11926.84,-0.346938776
2022-13-07,11728.53,11523.91,-0.107142857
2022-14-07,11768.4,11637.18,-0.362068966
2022-15-07,11983.62,11896.15,-0.017241379
2022-18-07,11877.5,12089.68,-0.351851852
2022-19-07,12249.42,12046.69,0.051724138
2022-20-07,12439.68,12269.07,0.098039216
2022-21-07,12619.41,12466.13,0.036363636
2022-22-07,12396.47,12575.76,-0.216666667
2022-25-07,12328.41,12391.21,-0.166666667
2022-26-07,12086.9,12248.21,-0.157894737
2022-27-07,12601.47,12299.34,0.148148148
2022-28-07,12717.87,12580.61,0.181818182
2022-29-07,12947.97,12784.2,0.142857143
2022-01-08,12940.78,12877.04,-0.103448276
2022-02-08,12901.6,12853.04,-0.089285714
2022-03-08,13253.26,12983.58,-0.053571429
2022-04-08,13311.04,13253.77,0
2022-05-08,13207.69,13107.45,-0.018181818
2022-08-08,13159.16,13227.09,-0.163636364
2022-09-08,13008.17,13064.24,-0.277777778
2022-10-08,13378.32,13330.66,0.109090909
2022-11-08,13291.99,13471.03,-0.157894737
2022-12-08,13565.87,13384.65,0.06779661
2022-15-08,13667.18,13529.66,0.018181818
2022-16-08,13635.21,13617.66,-0.092592593
2022-17-08,13470.86,13499.24,0.035087719
2022-18-08,13505.99,13474.24,0.017241379
2022-19-08,13242.9,13370.25,-0.365384615
2022-22-08,12890.54,13056.39,-0.293103448
2022-23-08,12881.79,12885.28,-0.15
2022-24-08,12917.86,12876.23,-0.036363636
2022-25-08,13143.58,12984.74,0.055555556
2022-26-08,12605.17,13129.91,-0.263157895
2022-29-08,12484.32,12488.46,-0.203703704
2022-30-08,12342.7,12562.4,-0.084745763
2022-31-08,12272.03,12448.07,-0.033898305
2022-01-09,12274.62,12158.88,-0.290909091
2022-02-09,12098.44,12392.46,-0.145454545
2022-06-09,12011.31,12106.57,-0.264150943
2022-07-09,12259.39,12038.18,0.137931034
2022-08-09,12321.19,12139.57,0.087719298
2022-09-09,12588.29,12424.15,0.078431373
2022-12-09,12739.72,12649.23,0.137254902
2022-13-09,12033.62,12364.83,-0.566037736
2022-14-09,12134.4,12092.03,-0.222222222
2022-15-09,11927.49,12034.43,-0.25
2022-16-09,11861.38,11775.94,-0.196428571
2022-19-09,11953.27,11753.6,-0.075471698
2022-20-09,11851.54,11855.84,-0.107142857
2022-21-09,11637.79,11892.72,-0.052631579
2022-22-09,11501.65,11574.32,-0.267857143
2022-23-09,11311.24,11398.75,-0.280701754
2022-26-09,11254.11,11283.14,-0.163636364
2022-27-09,11271.75,11411.34,-0.301886792
2022-28-09,11493.83,11258.74,-0.072727273
2022-29-09,11164.78,11334.57,-0.442307692
2022-30-09,10971.22,11123.11,-0.142857143
2022-03-10,11229.73,11059.17,-0.096153846
2022-04-10,11582.54,11477.85,0.019230769
2022-05-10,11573.18,11429.47,-0.125
2022-06-10,11485.5,11556.4,-0.148148148
2022-07-10,11039.47,11272.46,-0.236363636
2022-10-10,10926.97,11048.51,-0.333333333
2022-11-10,10791.35,10865.32,-0.017857143
2022-12-10,10785.62,10810.3,-0.189655172
2022-13-10,11033.58,10481.58,-0.107142857
2022-14-10,10692.06,11130.08,-0.28
2022-17-10,11062.53,10967.25,0.155172414
2022-18-10,11147.74,11368.76,0.134615385
2022-19-10,11103.38,11081.82,-0.115384615
2022-20-10,11046.71,11081.22,-0.392857143
2022-21-10,11310.33,10998.17,0.01754386
2022-24-10,11430.26,11321.11,0.072727273
2022-25-10,11669.99,11482.87,0.035087719
2022-26-10,11405.9,11409.79,-0.214285714
2022-27-10,11191.63,11387.71,-0.339622642
2022-28-10,11546.21,11176.99,0.105263158
2022-31-10,11405.57,11465.21,-0.056603774
2022-01-11,11288.95,11571.53,-0.13559322
2022-02-11,10906.34,11300.27,-0.228070175
2022-03-11,10690.6,10769.43,-0.245614035
2022-04-11,10857.03,10911.98,-0.228070175
2022-07-11,10977,10900.83,-0.034482759
2022-08-11,11059.5,11039.58,-0.333333333
2022-09-11,10797.55,10971.43,-0.358490566
2022-10-11,11605.96,11350.42,0.111111111
2022-11-11,11817.01,11604.36,-0.072727273
2022-14-11,11700.94,11728.11,-0.25862069
2022-15-11,11871.15,12006.45,-0.034482759
2022-16-11,11699.09,11767.42,-0.103448276
2022-17-11,11676.86,11521.64,-0.054545455
2022-18-11,11677.02,11791.85,-0.087719298
2022-21-11,11553.45,11623.35,-0.333333333
2022-22-11,11724.84,11590.83,-0.018181818
2022-23-11,11838.72,11725.08,-0.037735849
2022-25-11,11756.03,11777.33,-0.259259259
2022-28-11,11587.75,11684.07,-0.327272727
2022-29-11,11503.45,11590.3,-0.259259259
2022-30-11,12030.06,11505.74,0.102040816
2022-01-12,12041.89,12030.24,-0.115384615
2022-02-12,11994.26,11845.53,0.019230769
2022-05-12,11786.8,11899.54,0.115384615
2022-06-12,11549.69,11775.2,-0.392156863
2022-07-12,11497.39,11490.99,-0.403846154
2022-08-12,11637.5,11543.68,-0.264150943
2022-09-12,11563.33,11594.38,-0.140350877
2022-12-12,11706.44,11572.26,0.134615385
2022-13-12,11834.21,12141.24,-0.072727273
2022-14-12,11740.92,11824.54,-0.274509804
2022-15-12,11345.22,11573.38,-0.4
2022-16-12,11243.72,11313.64,-0.326923077
2022-19-12,11084.59,11243,-0.41509434
2022-20-12,11072.42,11023.47,-0.306122449
2022-21-12,11235.88,11110.65,-0.127272727
2022-22-12,10956.14,11099.36,-0.377358491
2022-23-12,10985.45,10911.04,0.036363636
2022-27-12,10822.51,10944.3,-0.466666667
2022-28-12,10679.34,10807.12,-0.651162791
2022-29-12,10951.05,10800.8,0.113207547
2022-30-12,10939.76,10835.59,-0.236363636
2023-03-01,10862.64,11038.42,-0.387755102
2023-04-01,10914.8,10949.34,-0.245283019
2023-05-01,10741.22,10837.25,-0.269230769
2023-06-01,11040.35,10807.45,0.089285714
2023-09-01,11108.44,11133.07,-0.404255319
2023-10-01,11205.78,11069.05,0
2023-11-01,11402.52,11259.16,-0.12962963
2023-12-01,11459.61,11441.45,-0.2
2023-13-01,11541.48,11362.13,0
2023-17-01,11557.19,11531.54,-0.333333333
2023-18-01,11410.29,11636.61,-0.34
2023-19-01,11295.67,11345.19,-0.155172414
2023-20-01,11619.03,11363.85,-0.153846154
2023-23-01,11872.54,11652,0.153846154
2023-24-01,11846.64,11802.95,-0.04
2023-25-01,11814.69,11636.01,-0.132075472
2023-26-01,12051.48,11972.57,0.109090909
2023-27-01,12166.6,12000.21,0.2
2023-30-01,11912.39,12047.16,-0.408163265
2023-31-01,12101.93,11915.94,-0.107142857
2023-01-02,12363.1,12087.92,-0.090909091
2023-02-02,12803.14,12655.18,-0.25
2023-03-02,12573.36,12520.95,-0.274509804
2023-06-02,12464.51,12468.8,-0.301886792
2023-07-02,12728.27,12474.95,-0.035087719
2023-08-02,12495.38,12680.03,-0.298245614
2023-09-02,12381.17,12677.54,-0.160714286
2023-10-02,12304.92,12306.59,-0.160714286
2023-13-02,12502.31,12356.5,0.089285714
2023-14-02,12590.89,12413.1,0.037037037
2023-15-02,12687.89,12531.6,0.052631579
2023-16-02,12442.48,12495.07,-0.25
2023-17-02,12358.18,12352.3,-0.053571429
2023-21-02,12060.3,12205.21,-0.298245614
2023-22-02,12066.27,12085.67,0.01754386
2023-23-02,12180.14,12224.44,-0.103448276
2023-24-02,11969.65,11979.8,-0.074074074
2023-27-02,12057.79,12106.79,-0.018867925
2023-28-02,12042.12,12041.75,0
2023-01-03,11938.57,12026.72,-0.092592593
2023-02-03,12044.87,11830.09,-0.145454545
2023-03-03,12290.81,12110.71,0.076923077
2023-06-03,12302.48,12344.65,0.185185185
2023-07-03,12152.17,12303.19,-0.245283019
2023-08-03,12215.33,12181.06,-0.157894737
2023-09-03,11995.88,12230.84,-0.068965517
2023-10-03,11830.28,12001.7,-0.288461538
2023-13-03,11923.17,11752.1,-0.186046512
2023-14-03,12199.79,12078.46,0
2023-15-03,12251.32,12083.24,-0.228070175
2023-16-03,12581.39,12211.87,0
2023-17-03,12519.88,12570.16,-0.283333333
2023-20-03,12562.61,12487.79,-0.208333333
2023-21-03,12741.44,12643.35,0.052631579
2023-22-03,12567.15,12742.41,-0.01754386
2023-23-03,12729.23,12735.6,-0.017857143
2023-24-03,12767.05,12700.51,0
2023-27-03,12673.07,12797.9,0.021276596
2023-28-03,12610.57,12654.91,-0.226415094
2023-29-03,12846.03,12768.14,0.090909091
2023-30-03,12963.14,12934.99,0.105263158
2023-31-03,13181.35,12968.96,0.111111111
2023-03-04,13148.35,13084.1,-0.040816327
2023-04-04,13100.07,13165.32,-0.1875
2023-05-04,12967.2,13056.79,-0.035087719
2023-06-04,13062.6,12892.9,0
2023-10-04,13051.23,12936.52,-0.14
2023-11-04,12964.15,13040.49,0
2023-12-04,12848.35,13043.97,-0.113207547
2023-13-04,13109.39,12922.9,-0.017241379
2023-14-04,13079.52,13044.69,-0.181818182
2023-17-04,13087.71,13053.26,0.203703704
2023-18-04,13091.79,13180.31,-0.104166667
2023-19-04,13088.71,12992.51,-0.320754717
2023-20-04,12985.98,12962.29,-0.333333333
2023-21-04,13000.77,12970.32,-0.170212766
2023-24-04,12969.76,12981.71,-0.25
2023-25-04,12725.11,12905.09,0.127272727
2023-26-04,12806.48,12866.64,-0.132075472
2023-27-04,13160.03,12963.21,0.192982456
2023-28-04,13245.99,13139.35,0.160714286
2023-01-05,13231.47,13229.11,-0.203703704
2023-02-05,13113.66,13225.48,-0.150943396
2023-03-05,13030.21,13123.1,-0.111111111
2023-04-05,12982.48,13014.07,-0.058823529
2023-05-05,13259.13,13070.7,0.235294118
2023-08-05,13291.64,13247.09,-0.196078431
2023-09-05,13201.11,13228.64,0.137254902
2023-10-05,13347.83,13308.41,0.036363636
2023-11-05,13389.78,13376.85,-0.068965517
2023-12-05,13340.18,13407.02,-0.272727273
2023-15-05,13413.51,13352.26,0.1
2023-16-05,13426.01,13385.37,-0.172413793
2023-17-05,13589.26,13474.52,0.058823529
2023-18-05,13834.62,13608.95,0
2023-19-05,13803.49,13842.69,-0.019230769
2023-22-05,13849.74,13805.33,0.035714286
2023-23-05,13672.54,13773.68,-0.259259259
2023-24-05,13604.48,13589.02,0.056603774
2023-25-05,13938.53,13920.89,-0.074074074
2023-26-05,14298.41,13990.55,0.018518519
2023-30-05,14354.99,14465.59,-0.105263158
2023-31-05,14254.09,14293.56,-0.14
2023-01-06,14441.51,14269.09,0.018181818
2023-02-06,14546.64,14517.08,0.055555556
2023-05-06,14556.5,14550.13,-0.115384615
2023-06-06,14558.09,14526.1,0.063829787
2023-07-06,14303.29,14573.27,-0.2
2023-08-06,14484.54,14319.24,0.145454545
2023-09-06,14528.36,14574.24,-0.035087719
2023-12-06,14784.3,14617.35,0.18
2023-13-06,14900.85,14911.26,0.019607843
2023-14-06,15005.69,14894.1,-0.134615385
2023-15-06,15185.48,14949.7,0.037037037
2023-16-06,15083.92,15272.65,-0.125
2023-20-06,15070.15,15036.48,-0.185185185
2023-21-06,14867.45,15019.01,-0.089285714
2023-22-06,15042.32,14797.89,-0.196428571
2023-23-06,14891.48,14879.23,-0.173076923
2023-26-06,14689.02,14866.66,-0.218181818
2023-27-06,14945.91,14751.57,-0.145454545
2023-28-06,14964.57,14876.25,0
2023-29-06,14939.95,14965.55,0.055555556
2023-30-06,15179.21,15085.24,0.2
2023-03-07,15208.69,15190.54,0.090909091
2023-05-07,15203.78,15165.36,0
2023-06-07,15089.45,15054.1,-0.122807018
2023-07-07,15036.85,15070.5,0.094339623
2023-10-07,15045.64,15031.95,0.12962963
2023-11-07,15119.06,15068.13,0.208333333
2023-12-07,15307.23,15279.35,0.037735849
2023-13-07,15571.98,15432.48,0.054545455
2023-14-07,15565.6,15610,0.107142857
2023-17-07,15713.28,15608.28,0.208333333
2023-18-07,15841.35,15671.72,0.192307692
2023-19-07,15826.35,15888.16,0.111111111
2023-20-07,15466.09,15717.67,-0.285714286
2023-21-07,15425.67,15554.95,0.296296296
2023-24-07,15448.02,15475.15,0.277777778
2023-25-07,15561.42,15483.06,0.37037037
2023-26-07,15499.26,15514.04,0.068965517
2023-27-07,15464.93,15734.03,-0.036363636
2023-28-07,15750.93,15630.17,0.326923077
2023-31-07,15757,15774.3,0.206896552
2023-01-08,15718.01,15696.98,-0.115384615
2023-02-08,15370.74,15561.15,-0.152542373
2023-03-08,15353.54,15287.77,-0.02
2023-04-08,15274.92,15420.74,-0.357142857
2023-07-08,15407.85,15355.62,0.018867925
2023-08-08,15273.05,15279.41,-0.052631579
2023-09-08,15101.71,15286.99,-0.089285714
2023-10-08,15128.84,15217.29,-0.035714286
2023-11-08,15028.07,15010.52,0
2023-14-08,15205.59,14988.42,0.057692308
2023-15-08,15037.65,15172.08,-0.117647059
2023-16-08,14876.47,15021.63,-0.018867925
2023-17-08,14715.81,14943.34,-0.036363636
2023-18-08,14694.84,14589.71,-0.226415094
2023-21-08,14936.69,14762.01,0.017241379
2023-22-08,14908.96,15035.07,-0.215686275
2023-23-08,15148.06,14947.58,0.222222222
2023-24-08,14816.44,15278.93,-0.076923077
2023-25-08,14941.83,14858.93,0.117647059
2023-28-08,15052.46,15035.48,-0.074074074
2023-29-08,15376.55,15043.02,0.075471698
2023-30-08,15462.43,15386.67,0.040816327
2023-31-08,15501.07,15475.43,0.037037037
2023-01-09,15490.86,15600.95,0
2023-05-09,15508.24,15460.52,0.132075472
2023-06-09,15371.44,15467.32,-0.277777778
2023-07-09,15258.52,15174.22,-0.358490566
2023-08-09,15280.23,15265.57,-0.076923077
2023-11-09,15461.87,15409.77,0.244897959
2023-12-09,15289.74,15390.59,-0.245283019
2023-13-09,15348.53,15293.27,-0.148148148
2023-14-09,15473.89,15433.01,0.150943396
2023-15-09,15202.4,15425.95,-0.160714286
2023-18-09,15225.37,15161.17,0.018867925
2023-19-09,15191.23,15152.53,-0.075471698
2023-20-09,14969.92,15225.34,-0.2
2023-21-09,14694.24,14813.48,-0.115384615
2023-22-09,14701.1,14756.62,-0.078431373
2023-25-09,14768.9,14662.69,0.022727273
2023-26-09,14545.83,14668.45,-0.178571429
2023-27-09,14580.16,14600.14,-0.230769231
2023-28-09,14702.77,14530.96,-0.203703704
2023-29-09,14715.24,14853.35,-0.117647059
2023-02-10,14837.57,14717.9,-0.058823529
2023-03-10,14565.62,14744.05,-0.274509804
2023-04-10,14776.25,14613.23,0.169811321
2023-05-10,14723.22,14769.55,-0.072727273
2023-06-10,14973.24,14622.23,-0.056603774
2023-09-10,15047.15,14871.57,-0.078431373
2023-10-10,15131.52,15074.04,0.075471698
2023-11-10,15241.12,15194.53,0.035714286
2023-12-10,15184.1,15264.11,-0.157894737
2023-13-10,14995.12,15225.73,-0.035087719
2023-16-10,15172.73,15054.48,0.06
2023-17-10,15122.01,15009.26,-0.056603774
2023-18-10,14909.26,15022.28,-0.481481481
2023-19-10,14783.13,14981.13,-0.350877193
2023-20-10,14560.88,14752.59,-0.275862069
2023-23-10,14604.85,14514.11,-0.056603774
2023-24-10,14745.85,14678.41,0.36
2023-25-10,14381.64,14642.08,-0.218181818
2023-26-10,14109.57,14314.01,-0.142857143
2023-27-10,14180.42,14245.75,-0.175438596
2023-30-10,14335.51,14283.98,-0.019230769
2023-31-10,14409.78,14340.86,0.08
2023-01-11,14664.91,14453.68,-0.06779661
2023-02-11,14919.55,14856.95,-0.036363636
2023-03-11,15099.49,14985.12,-0.017241379
2023-06-11,15154.93,15137.16,-0.134615385
2023-07-11,15296.02,15201.77,0.01754386
2023-08-11,15313.24,15313.9,-0.018181818
2023-09-11,15187.9,15351.12,-0.203703704
2023-10-11,15529.12,15252.36,0.377358491
2023-13-11,15482.79,15469.21,-0.020833333
2023-14-11,15812.47,15744.36,0.132075472
2023-15-11,15817.18,15881.72,0.052631579
2023-16-11,15833.17,15765.2,-0.109090909
2023-17-11,15837.99,15803.98,-0.090909091
2023-20-11,16027.06,15845.2,0.377358491
2023-21-11,15933.62,15951.55,0.041666667
2023-22-11,16001.39,16025.74,0.037037037
2023-24-11,15982.01,15974.85,0
2023-27-11,15961.98,15969.72,-0.169811321
2023-28-11,16010.43,15940.29,-0.057692308
2023-29-11,15987.6,16111.36,0.092592593
2023-30-11,15947.87,15987.66,-0.109090909
2023-01-12,15997.58,15892.59,0.122807018
2023-04-12,15839.67,15837.12,-0.20754717
2023-05-12,15877.71,15763.65,-0.16
2023-06-12,15788.05,15990.2,-0.196078431
2023-07-12,16022.49,15888.23,0.173076923
2023-08-12,16084.69,15952.85,0.1
2023-11-12,16221.73,16069.61,-0.115384615
2023-12-12,16354.25,16209.61,-0.019230769
2023-13-12,16562.37,16392.18,0.196428571
2023-14-12,16537.83,16603.54,0
2023-15-12,16623.45,16587,0.074074074
2023-18-12,16729.8,16631.11,0.14
2023-19-12,16811.85,16734.25,0.037735849
2023-20-12,16554.16,16763.64,-0.269230769
2023-21-12,16757.41,16719.61,0.222222222
2023-22-12,16777.4,16799.02,0.019230769
2023-26-12,16878.46,16816.78,0.075471698
2023-27-12,16906.8,16896.14,0.018867925
2023-28-12,16898.47,16963.52,0.25
2023-29-12,16825.93,16902.44,0.140350877
2024-02-01,16543.94,16667.3,-0.285714286
2024-03-01,16368.49,16413.26,-0.37254902
2024-04-01,16282.01,16290.77,-0.245283019
2024-05-01,16305.98,16281.74,-0.083333333
2024-08-01,16649.87,16354.22,0.309090909
2024-09-01,16678.7,16531.96,0
2024-10-01,16793.05,16702.55,0.172413793
2024-11-01,16820.9,16852.19,-0.157894737
2024-12-01,16832.92,16855,-0.066666667
2024-16-01,16830.71,16775.1,0
2024-17-01,16736.28,16705.51,-0.098039216
2024-18-01,16982.29,16894.33,0.275862069
2024-19-01,17314,17060.14,0.178571429
2024-22-01,17330.38,17403.62,0.022222222
2024-23-01,17404.21,17346.95,0
2024-24-01,17499.3,17562.32,0.076923077
2024-25-01,17516.99,17589.27,-0.018181818
2024-26-01,17421.01,17432.87,-0.087719298
2024-29-01,17596.27,17438.03,0.055555556
2024-30-01,17476.71,17596.27,-0.196078431
2024-31-01,17137.24,17269.98,0
2024-01-02,17344.71,17216.99,0.226415094
2024-02-02,17642.73,17415.94,0.254545455
2024-05-02,17613.04,17634.69,-0.134615385
2024-06-02,17572.73,17664.44,-0.054545455
2024-07-02,17755.07,17674.59,0.173076923
2024-08-02,17783.17,17757.6,0.071428571
2024-09-02,17962.41,17820.98,0.125
2024-12-02,17882.66,17942.28,0.039215686
2024-13-02,17600.42,17519.8,-0.125
2024-14-02,17807.63,17728.9,0.01754386
2024-15-02,17845.72,17815.32,-0.052631579
2024-16-02,17685.98,17853.59,0.055555556
2024-20-02,17546.1,17591.17,-0.314814815
2024-21-02,17478.91,17412.79,0.053571429
2024-22-02,18004.7,17857.76,0.407407407
2024-23-02,17937.61,18052.59,0
2024-26-02,17933.33,17970.21,-0.150943396
2024-27-02,17971.05,17962.58,-0.094339623
2024-28-02,17874.5,17895.03,-0.137254902
2024-29-02,18043.85,17991.67,0.101694915
2024-01-03,18302.91,18069.29,0.142857143
2024-04-03,18226.48,18290.1,-0.272727273
2024-05-03,17897.87,18088.71,-0.425925926
2024-06-03,18017.57,18083.51,-0.192982456
2024-07-03,18297.99,18161.73,0.203703704
2024-08-03,18018.45,18312.78,-0.245614035
2024-11-03,17951.69,17959.68,0.196078431
2024-12-03,18219.11,18063.02,0.109090909
2024-13-03,18068.47,18151.76,-0.086206897
2024-14-03,18014.81,18114.69,-0.160714286
2024-15-03,17808.25,17926.92,-0.142857143
2024-18-03,17985.01,18024.24,0.109090909
2024-19-03,18032.2,17902.52,0.115384615
2024-20-03,18240.11,18067.7,0
2024-21-03,18320.38,18438.24,-0.034482759
2024-22-03,18339.44,18293.15,0.033898305
2024-25-03,18277.06,18215.54,-0.192982456
2024-26-03,18210.54,18329.29,-0.122807018
2024-27-03,18280.84,18338.19,0.053571429
2024-28-03,18254.69,18263.41,0.083333333
2024-01-04,18293.2,18280.82,-0.051724138
2024-02-04,18121.78,18076.43,-0.052631579
2024-03-04,18160.19,18054.44,-0.214285714
2024-04-04,17878.78,18331.02,0.01754386
2024-05-04,18108.46,17940.28,-0.033898305
2024-08-04,18100.19,18130.44,0.072727273
2024-09-04,18169.9,18188.87,0
2024-10-04,18011.65,17957.96,-0.175438596
2024-11-04,18307.98,18085.11,0.034482759
2024-12-04,18003.49,18117.67,-0.224137931
2024-15-04,17706.83,18143.25,-0.277777778
2024-16-04,17713.66,17691.45,-0.103448276
2024-17-04,17493.62,17785.82,-0.232142857
2024-18-04,17394.31,17514.77,-0.052631579
2024-19-04,17037.65,17334.71,-0.525423729
2024-22-04,17210.89,17161.11,0
2024-23-04,17471.47,17297.24,0.142857143
2024-24-04,17526.8,17613.66,-0.083333333
2024-25-04,17430.5,17205.28,0.172413793
2024-26-04,17718.3,17566.22,0.206896552
2024-29-04,17782.72,17801.14,0.172413793
2024-30-04,17440.69,17720.35,-0.116666667
2024-01-05,17318.55,17382.78,-0.118644068
2024-02-05,17541.54,17474.92,0.254237288
2024-03-05,17890.8,17848.66,0.1
2024-06-05,18093.57,17950.98,0.172413793
2024-07-05,18091.45,18106.33,0.053571429
2024-08-05,18085.01,17987.7,-0.05
2024-09-05,18113.46,18095.8,0.137931034
2024-10-05,18161.18,18171.15,0.083333333
2024-13-05,18198.61,18228.4,0.06779661
2024-14-05,18322.77,18187.51,0.016666667
2024-15-05,18596.65,18412.81,0.232142857
2024-16-05,18557.96,18589.98,0.172413793
2024-17-05,18546.23,18571.82,0.071428571
2024-20-05,18674.19,18559.22,-0.070175439
2024-21-05,18713.8,18603.99,0.24137931
2024-22-05,18705.2,18733.54,0.033333333
2024-23-05,18623.39,18907.14,-0.116666667
2024-24-05,18808.35,18669.36,0.431034483
2024-28-05,18869.44,18855.15,0.086206897
2024-29-05,18736.75,18708.07,-0.175438596
2024-30-05,18538.66,18683.25,0.017241379
2024-31-05,18536.65,18550.8,-0.216666667
2024-03-06,18600.97,18666.72,-0.142857143
2024-04-06,18654.84,18598,0.016666667
2024-05-06,19035.05,18791.28,0.25862069
2024-06-06,19021.19,19053.01,-0.116666667
2024-07-06,19000.95,18992.58,-0.103448276
2024-10-06,19074.67,18945.31,0.066666667
2024-11-06,19210.18,19031.4,0.1
2024-12-06,19465.18,19358.26,0.210526316
2024-13-06,19576.92,19609.05,-0.016949153
2024-14-06,19659.8,19557.22,-0.033333333
2024-17-06,19902.75,19681.86,0.189655172
2024-18-06,19908.86,19904.43,0.203389831
2024-20-06,19752.3,19962.97,-0.118644068
2024-21-06,19700.43,19722.37,-0.271186441
2024-24-06,19474.62,19648.23,-0.237288136
2024-25-06,19701.13,19555.84,0.016949153
2024-26-06,19751.05,19671.07,0.155172414
2024-27-06,19789.03,19740.51,-0.13559322
2024-28-06,19682.87,19817,-0.053571429
2024-01-07,19812.22,19720.11,0.016949153
2024-02-07,20011.89,19746.22,0.1
2024-03-07,20186.63,19995.28,-0.016666667
2024-05-07,20391.97,20224.13,0.103448276
2024-08-07,20439.54,20393.89,0.192982456
2024-09-07,20453.02,20504.17,0.27027027
2024-10-07,20675.38,20533.27,-0.24
2024-11-07,20211.36,20661.41,0.146666667
2024-12-07,20331.49,20226.23,0.216216216
2024-15-07,20386.88,20401.02,0.093333333
2024-16-07,20398.62,20441.53,-0.24
2024-17-07,19799.14,20041.31,-0.24
2024-18-07,19705.09,19936.24,-0.256756757
2024-19-07,19522.62,19687.8,0.106666667
2024-22-07,19822.87,19751.02,-0.205479452
2024-23-07,19754.34,19783.33,-0.4
2024-24-07,19032.39,19475.66,-0.146666667
2024-25-07,18830.58,19041.15,0.013333333
2024-26-07,19023.66,18990.2,-0.013333333
2024-29-07,19059.49,19122.43,-0.208333333
2024-30-07,18796.27,19129.56,0.315068493
2024-31-07,19362.43,19222.85,-0.266666667
2024-01-08,18890.39,19375.97,-0.438356164
2024-02-08,18440.84,18494.24,-0.581081081
2024-05-08,17895.15,17444.4,-0.067567568
2024-06-08,18077.92,17961.45,-0.135135135
2024-07-08,17867.37,18345.45,0.202702703
2024-08-08,18413.82,18102.05,-0.095890411
2024-09-08,18513.1,18373.89,0.093333333
2024-12-08,18542.03,18548.23,0.081081081
2024-13-08,19006.43,18724.84,0.026666667
2024-14-08,19022.68,19043.76,0.121621622
2024-15-08,19490.15,19251.86,0.068493151
2024-16-08,19508.52,19393.73,0.16
2024-19-08,19766.49,19521.93,-0.04
2024-20-08,19719.82,19736.35,0.108108108
2024-21-08,19824.84,19758.47,0
2024-22-08,19491.84,19911.28,0.066666667
2024-23-08,19720.87,19669.78,-0.146666667
2024-26-08,19516.44,19679.24,-0.066666667
2024-27-08,19581.52,19450.57,-0.173333333
2024-28-08,19350.78,19567.45,-0.053333333
2024-29-08,19325.45,19425.28,0.106666667
2024-30-08,19574.64,19506.27,-0.266666667
2024-03-09,18958.73,19438.1,0
2024-04-09,18921.4,18832.64,-0.053333333
2024-05-09,18930.33,18864.42,-0.4
2024-06-09,18421.31,18903.03,-0.066666667
2024-09-09,18660.78,18579.8,-0.106666667
2024-10-09,18829.14,18722.15,0.12
2024-11-09,19237.3,18866,0.106666667
2024-12-09,19423.07,19236.42,0.093333333
2024-13-09,19514.58,19396.1,-0.12
2024-16-09,19423.06,19412.79,-0.033333333
2024-17-09,19432.4,19539.75,0.1
2024-18-09,19344.49,19478.51,0.333333333
2024-19-09,19839.83,19798.71,0.116666667
2024-20-09,19791.49,19816.29,0.133333333
2024-23-09,19852.2,19848.71,-0.016666667
2024-24-09,19944.84,19917.56,0.05
2024-25-09,19972.61,19922.28,0.083333333
2024-26-09,20115.54,20273.3,0.133333333
2024-27-09,20008.62,20147.27,-0.116666667
2024-30-09,20060.69,19959.26,-0.316666667
2024-01-10,19773.3,20046.06,0.1
2024-02-10,19802.58,19725.95,-0.283333333
2024-03-10,19793.34,19712.33,0.1
2024-04-10,20035.02,20025.16,-0.083333333
2024-07-10,19800.74,19954.66,0.266666667
2024-08-10,20107.78,19902.21,0.2
2024-09-10,20268.86,20097.56,-0.116666667
2024-10-10,20241.76,20165.25,0.2
2024-11-10,20271.97,20154.83,0.216666667
2024-14-10,20439.05,20366.06,-0.033333333
2024-15-10,20159.83,20442.77,0.3
2024-16-10,20174.05,20172.87,-0.066666667
2024-17-10,20190.42,20375.29,0.233333333
2024-18-10,20324.04,20288.48,-0.016666667
2024-21-10,20361.47,20280.49,0.05
2024-22-10,20383.65,20256.97,-0.166666667
2024-23-10,20066.96,20303.55,0.093333333