Date,Open,Close,Sentiment
2014-11-06,4147.31,4164.08,0
2014-11-07,4170.46,4160.5,0
2014-11-10,4162.59,4175.95,0
2014-11-11,4173.61,4187.16,0
2014-11-12,4174.47,4195.4,0
2014-11-13,4202.77,4213.49,0
2014-11-14,4214.97,4224.99,0
2014-11-17,4215.29,4213.79,0
2014-11-18,4215.18,4242.19,0
2014-11-19,4233.7,4222.66,0
2014-11-20,4204.54,4242.09,0
2014-11-21,4284.41,4251.32,0
2014-11-24,4262.09,4284.32,0
2014-11-25,4290.68,4288.23,0
2014-11-26,4291.87,4317.99,0
2014-11-27,0,4317.99,0
2014-11-28,4330.96,4337.78,0
2014-12-01,4323.95,4287.81,0
2014-12-02,4291.33,4305.96,0
2014-12-03,4312.17,4312.93,0
2014-12-04,4309.48,4311.93,0
2014-12-05,4318.28,4311.57,0
2014-12-08,4301.27,4278.34,0
2014-12-09,4228.2,4294.67,0
2014-12-10,4284.5,4224.87,0
2014-12-11,4241.69,4246.48,0
2014-12-12,4207.61,4199.28,0
2014-12-15,4224.17,4157.41,0
2014-12-16,4122.23,4089.6,0
2014-12-17,4095.75,4165.1,0
2014-12-18,4230.36,4267.77,0
2014-12-19,4272.75,4281.78,0
2014-12-22,4271.87,4293.67,0
2014-12-23,4308.95,4279.3,0
2014-12-24,4283.19,4283.1,0
2014-12-25,0,4283.1,0
2014-12-26,4295.72,4314.09,0
2014-12-29,4309.7,4312.64,0
2014-12-30,4301.14,4282.35,0
2014-12-31,4294.88,4236.28,0
2015-01-01,0,4236.28,0
2015-01-02,4258.6,4230.24,0
2015-01-05,4206.55,4160.96,0
2015-01-06,4174.78,4110.83,0
2015-01-07,4139.85,4160,0
2015-01-08,4195.49,4240.55,0
2015-01-09,4250.98,4213.28,0
2015-01-12,4221.52,4169.97,0
2015-01-13,4212.99,4166.2,0
2015-01-14,4122.08,4145.84,0
2015-01-15,4162.11,4089.65,0
2015-01-16,4087.88,4142.14,0
2015-01-19,0,4142.14,0
2015-01-20,4164.43,4171.21,0
2015-01-21,4158.13,4192.09,0
2015-01-22,4215,4270.36,0
2015-01-23,4268.53,4278.14,0
2015-01-26,4271.1,4275.72,0
2015-01-27,4200.88,4165.5,0
2015-01-28,4233.74,4140.38,0
2015-01-29,4134.52,4181.35,0
2015-01-30,4178.62,4148.43,0
2015-02-02,4162.2,4188.59,0
2015-02-03,4201.94,4229.15,0
2015-02-04,4202.43,4221.2,0
2015-02-05,4229.62,4256.18,0
2015-02-06,4259.98,4228.68,0
2015-02-09,4209.81,4216.09,0
2015-02-10,4240.04,4281.15,0
2015-02-11,4284.76,4297.28,0
2015-02-12,4321.41,4347.97,0
2015-02-13,4359.78,4384.03,0
2015-02-16,0,4384.03,0
2015-02-17,4379.32,4385.34,0
2015-02-18,4378.73,4390.91,0
2015-02-19,4388.92,4411.86,0
2015-02-20,4406.75,4443.05,0
2015-02-23,4441.26,4449.49,0
2015-02-24,4442.13,4451.03,0
2015-02-25,4441.08,4440.59,0
2015-02-26,4443.55,4462.27,0
2015-02-27,4459.86,4440.67,0
2015-03-02,4452.8,4483.05,0
2015-03-03,4466.53,4458.78,0
2015-03-04,4442.41,4445.36,0
2015-03-05,4454.89,4452.06,0
2015-03-06,4442.19,4399.23,0
2015-03-09,4406.87,4412.99,0
2015-03-10,4376.03,4329.08,0
2015-03-11,4336.05,4305.38,0
2015-03-12,4302.73,4336.23,0
2015-03-13,4328.09,4314.9,0
2015-03-16,4338.29,4370.47,0
2015-03-17,4355.83,4375.63,0
2015-03-18,4366.8,4422.5,0
2015-03-19,4424.79,4426.82,0
2015-03-20,4468.29,4458.54,0
2015-03-23,4454.15,4445.54,0
2015-03-24,4444.39,4430.99,0
2015-03-25,4437.37,4329.29,0
2015-03-26,4288.16,4315.26,0
2015-03-27,4314.6,4332.86,0
2015-03-30,4359.78,4382.82,0
2015-03-31,4364.14,4333.69,0
2015-04-01,4328.17,4311.26,0
2015-04-02,4316.24,4316.01,0
2015-04-03,0,4316.01,0
2015-04-06,4286.16,4350.98,0
2015-04-07,4349.3,4344.08,0
2015-04-08,4345.22,4375.96,0
2015-04-09,4375.78,4403.95,0
2015-04-10,4402.02,4422.02,0
2015-04-13,4428.13,4409.21,0
2015-04-14,4409.29,4397.64,0
2015-04-15,4409.74,4424.53,0
2015-04-16,4412.15,4418.83,0
2015-04-17,4379.63,4351.8,0
2015-04-20,4373.65,4417.4,0
2015-04-21,4444.5,4435.98,0
2015-04-22,4448.58,4460.81,0
2015-04-23,4445.17,4477.07,0
2015-04-24,4529.73,4536.78,0
2015-04-27,4548.51,4525.04,0
2015-04-28,4529.41,4515.27,0
2015-04-29,4490.57,4488.15,0
2015-04-30,4459.23,4414.25,0
2015-05-01,4437.7,4479.06,0
2015-05-04,4491.19,4482.61,0
2015-05-05,4464.21,4409.39,0
2015-05-06,4420.3,4379.75,0
2015-05-07,4377.81,4401.55,0
2015-05-08,4445,4458.65,0
2015-05-11,4457.62,4438.64,0
2015-05-12,4412.82,4420.65,0
2015-05-13,4436.08,4426.56,0
2015-05-14,4461.07,4495.04,0
2015-05-15,4505.39,4494.29,0
2015-05-18,4487.14,4512.95,0
2015-05-19,4514.66,4503.72,0
2015-05-20,4505.59,4505.3,0
2015-05-21,4499.42,4529.47,0
2015-05-22,4522.86,4527.16,0
2015-05-25,0,4527.16,0
2015-05-26,4516.63,4472.96,0
2015-05-27,4488.05,4546.06,0
2015-05-28,4537.48,4535.66,0
2015-05-29,4532.15,4508.25,0
2015-06-01,4530.03,4521.85,0
2015-06-02,4503.76,4508.89,0
2015-06-03,4531.04,4519.86,0
2015-06-04,4501.73,4487.03,0
2015-06-05,4483.43,4477.19,0
2015-06-08,4476.69,4431.51,0
2015-06-09,4421.02,4427.61,0
2015-06-10,4440.54,4485.46,0
2015-06-11,4498.49,4488.47,0
2015-06-12,4467.38,4453.79,0
2015-06-15,4416.14,4432.92,0
2015-06-16,4428.3,4455.9,0
2015-06-17,4465.17,4468.98,0
2015-06-18,4483.61,4531.85,0
2015-06-19,4538.71,4513.42,0
2015-06-22,4541.85,4544.04,0
2015-06-23,4549.52,4548.74,0
2015-06-24,4542.07,4524.6,0
2015-06-25,4540.4,4514.01,0
2015-06-26,4514.37,4484.28,0
2015-06-29,4433.11,4379.86,0
2015-06-30,4414.86,4396.76,0
2015-07-01,4433.79,4429.23,0
2015-07-02,4440.17,4433.39,0
2015-07-03,0,4433.39,0
2015-07-06,4394.44,4418.66,0
2015-07-07,4422.75,4429.06,0
2015-07-08,4392.51,4351.58,0
2015-07-09,4410.27,4352.03,0
2015-07-10,4405.99,4420.15,0
2015-07-13,4457.76,4494.47,0
2015-07-14,4503.2,4523.47,0
2015-07-15,4531.32,4528.36,0
2015-07-16,4567.06,4594.9,0
2015-07-17,4635.48,4661.6,0
2015-07-20,4670.23,4679.68,0
2015-07-21,4679.54,4674.41,0
2015-07-22,4604.97,4623.24,0
2015-07-23,4627.56,4602.83,0
2015-07-24,4630.95,4557.37,0
2015-07-27,4530.37,4519.09,0
2015-07-28,4539.47,4560.23,0
2015-07-29,4570.5,4581.6,0
2015-07-30,4570.77,4598.59,0
2015-07-31,4616.48,4588.91,0
2015-08-03,4595.26,4580.46,0
2015-08-04,4573.25,4567.47,0
2015-08-05,4592.81,4602.24,0
2015-08-06,4608.69,4528.51,0
2015-08-07,4519.36,4520.08,0
2015-08-10,4558.68,4573.11,0
2015-08-11,4548.75,4513.99,0
2015-08-12,4475.91,4528.19,0
2015-08-13,4536.96,4519.32,0
2015-08-14,4512.88,4530.74,0
2015-08-17,4516.88,4566.37,0
2015-08-18,4556.23,4542.07,0
2015-08-19,4525.32,4510.9,0
2015-08-20,4467.79,4385.13,0
2015-08-21,4313.19,4197.27,0
2015-08-24,3847.12,4038.6,0
2015-08-25,4187.28,4016.32,0
2015-08-26,4141.24,4219.6,0
2015-08-27,4281.63,4324.82,0
2015-08-28,4307.05,4329.12,0
2015-08-31,4299.88,4274.58,0
2015-09-01,4177.94,4142.63,0
2015-09-02,4207.68,4256.23,0
2015-09-03,4267.34,4234.65,0
2015-09-04,4175.62,4184.72,0
2015-09-07,0,4184.72,0
2015-09-08,4267.4,4303.53,0
2015-09-09,4346.36,4253.45,0
2015-09-10,4248.48,4296.3,0
2015-09-11,4273.62,4323.23,0
2015-09-14,4334.86,4308.76,0
2015-09-15,4322.41,4360.28,0
2015-09-16,4357.36,4383.67,0
2015-09-17,4378.99,4384.96,0
2015-09-18,4325.29,4323.86,0
2015-09-21,4343.77,4336.13,0
2015-09-22,4273.3,4274.1,0
2015-09-23,4280.01,4273.53,0
2015-09-24,4239.85,4261.1,0
2015-09-25,4305.39,4224.74,0
2015-09-28,4206.68,4103.47,0
2015-09-29,4110.26,4083.37,0
2015-09-30,4137.18,4181.06,0
2015-10-01,4185.28,4192.96,0
2015-10-02,4136.96,4267.45,0
2015-10-05,4296.54,4331.43,0
2015-10-06,4315.32,4306.7,0
2015-10-07,4331.87,4333.46,0
2015-10-08,4316.18,4350.15,0
2015-10-09,4355.24,4370.01,0
2015-10-12,4378.64,4382.56,0
2015-10-13,4354.06,4352.94,0
2015-10-14,4356.82,4346.92,0
2015-10-15,4361.98,4418.22,0
2015-10-16,4419.95,4438.62,0
2015-10-19,4428.06,4462.07,0
2015-10-20,4454.62,4438.18,0
2015-10-21,4462.22,4413.52,0
2015-10-22,4451.32,4503.22,0
2015-10-23,4623.72,4624.09,0
2015-10-26,4621.14,4630.85,0
2015-10-27,4617.6,4639.23,0
2015-10-28,4649.1,4678.58,0
2015-10-29,4657.78,4670.76,0
2015-10-30,4676.3,4648.83,0
2015-11-02,4658.79,4703.91,0
2015-11-03,4692.03,4719.05,0
2015-11-04,4729.07,4717.55,0
2015-11-05,4718.51,4702.9,0
2015-11-06,4695.88,4707.23,0
2015-11-09,4687.35,4655.52,0
2015-11-10,4628.83,4641.73,0
2015-11-11,4657.19,4636.94,0
2015-11-12,4617.78,4588.93,0
2015-11-13,4566.12,4502.14,0
2015-11-16,4494.56,4565.47,0
2015-11-17,4571.54,4565.82,0
2015-11-18,4586.24,4653.44,0
2015-11-19,4657.61,4655.35,0
2015-11-20,4680.51,4686.36,0
2015-11-23,4689.98,4674.79,0
2015-11-24,4645.52,4669.41,0
2015-11-25,4674.23,4672.88,0
2015-11-26,0,4672.88,0
2015-11-27,4680.44,4680.47,0
2015-11-30,4692.57,4664.51,0
2015-12-01,4685.74,4716.16,0
2015-12-02,4720.27,4686.22,0
2015-12-03,4704.2,4606.75,0
2015-12-04,4621.48,4716.12,0
2015-12-07,4718.55,4693.62,0
2015-12-08,4646.43,4694.77,0
2015-12-09,4674.8,4622.14,0
2015-12-10,4627.77,4643.05,0
2015-12-11,4583.08,4537.56,0
2015-12-14,4535.56,4570.16,0
2015-12-15,4607.2,4597.33,0
2015-12-16,4633.85,4664.56,0
2015-12-17,4680.63,4598.14,0
2015-12-18,4578.69,4514.83,0
2015-12-21,4547.92,4560.55,0
2015-12-22,4580.61,4589.26,0
2015-12-23,4612.16,4624.59,0
2015-12-24,4626.32,4622.77,0
2015-12-25,0,4622.77,0
2015-12-28,4610.41,4621.35,0
2015-12-29,4645.08,4691.08,0
2015-12-30,4687.16,4652.01,0
2015-12-31,4634.16,4593.27,0
2016-01-04,4485.06,4497.86,0
2016-01-05,4512.04,4484.18,0
2016-01-06,4409.78,4443.99,0
2016-01-07,4349.14,4305.72,0
2016-01-08,4336.12,4270.78,0
2016-01-11,4300.96,4283.55,0
2016-01-12,4322.77,4333.72,0
2016-01-13,4352.64,4183.12,0
2016-01-14,4201.23,4272.97,0
2016-01-15,4123.87,4141.08,0
2016-01-19,4199.56,4147.07,0
2016-01-20,4078.23,4136.28,0
2016-01-21,4146.44,4142.6,0
2016-01-22,4226.44,4259.77,0
2016-01-25,4245.47,4196.53,0
2016-01-26,4211.92,4233.85,0
2016-01-27,4214.94,4128.86,0
2016-01-28,4197.2,4186.06,0
2016-01-29,4186.35,4279.17,0
2016-02-01,4254.41,4286.56,0
2016-02-02,4262.45,4193.1,0
2016-02-03,4213.67,4171.97,0
2016-02-04,4158.05,4167.77,0
2016-02-05,4150.35,4024.47,0
2016-02-08,3947.99,3960.67,0
2016-02-09,3903.93,3947.8,0
2016-02-10,3996.76,3966.28,0
2016-02-11,3910.57,3962.22,0
2016-02-12,3996.64,4019.19,0
2016-02-16,4077.33,4104.33,0
2016-02-17,4138.43,4199.1,0
2016-02-18,4212.22,4151.49,0
2016-02-19,4129.75,4164.09,0
2016-02-22,4203.6,4231.27,0
2016-02-23,4209.32,4162.54,0
2016-02-24,4116.02,4200.66,0
2016-02-25,4212.48,4241.06,0
2016-02-26,4273.59,4235.62,0
2016-02-29,4228.57,4201.12,0
2016-03-01,4238.08,4333.61,0
2016-03-02,4328.72,4334.39,0
2016-03-03,4330.4,4325.86,0
2016-03-04,4334.03,4329,0
2016-03-07,4303.81,4303.33,0
2016-03-08,4272.72,4265.51,0
2016-03-09,4281.1,4293.23,0
2016-03-10,4307.87,4286.97,0
2016-03-11,4337.12,4361.83,0
2016-03-14,4347.94,4367.33,0
2016-03-15,4354.38,4367.08,0
2016-03-16,4359.67,4404.2,0
2016-03-17,4390.06,4400.26,0
2016-03-18,4408.82,4410.83,0
2016-03-21,4403.09,4426.98,0
2016-03-22,4403.47,4437.62,0
2016-03-23,4431.82,4402.56,0
2016-03-24,4380.23,4405.53,0
2016-03-28,4415.04,4398.07,0
2016-03-29,4391.19,4467.72,0
2016-03-30,4494.7,4490.88,0
2016-03-31,4491.01,4483.66,0
2016-04-01,4461.77,4532.08,0
2016-04-04,4526.39,4511.7,0
2016-04-05,4479.11,4470.75,0
2016-04-06,4476.35,4543.78,0
2016-04-07,4519.02,4475.29,0
2016-04-08,4506.97,4474.93,0
2016-04-11,4496.26,4458.71,0
2016-04-12,4464.07,4496.04,0
2016-04-13,4526.92,4554.72,0
2016-04-14,4554.66,4554.62,0
2016-04-15,4550.31,4543.16,0
2016-04-18,4535.21,4569.32,0
2016-04-19,4573.58,4537.09,0
2016-04-20,4539.19,4540.44,0
2016-04-21,4540.71,4540.8,0
2016-04-22,4478.44,4474.19,0
2016-04-25,4459.67,4474.13,0
2016-04-26,4480.6,4452.97,0
2016-04-27,4412.82,4416.63,0
2016-04-28,4419.12,4363.99,0
2016-04-29,4367.59,4341.3,0
2016-05-02,4350.83,4381.3,0
2016-05-03,4349.08,4341.39,0
2016-05-04,4314.49,4312.01,0
2016-05-05,4326.91,4309.48,0
2016-05-06,4290.36,4330.17,0
2016-05-09,4331.66,4341.23,0
2016-05-10,4360.73,4402.04,0
2016-05-11,4395.88,4361.03,0
2016-05-12,4376.09,4342.81,0
2016-05-13,4337.83,4326.53,0
2016-05-16,4335.33,4380.48,0
2016-05-17,4376.55,4322.56,0
2016-05-18,4314.34,4338.23,0
2016-05-19,4319.86,4315.58,0
2016-05-20,4330.07,4362.9,0
2016-05-23,4364.73,4355.1,0
2016-05-24,4381.34,4444.3,0
2016-05-25,4459.26,4476.43,0
2016-05-26,4478.57,4487.96,0
2016-05-27,4490.95,4512.54,0
2016-05-31,4513.85,4523.89,0
2016-06-01,4507.18,4520.07,0
2016-06-02,4510.81,4531.35,0
2016-06-03,4520.98,4509.79,0
2016-06-06,4517.88,4523.63,0
2016-06-07,4527.86,4513.09,0
2016-06-08,4521.1,4520.63,0
2016-06-09,4501.14,4512.69,0
2016-06-10,4473.08,4461.05,0
2016-06-13,4436.12,4422.76,0
2016-06-14,4413.71,4424.91,0
2016-06-15,4433.68,4409.51,0
2016-06-16,4387.9,4424.23,0
2016-06-17,4409.75,4374.38,0
2016-06-20,4424.11,4400.16,0
2016-06-21,4408.03,4413.4,0
2016-06-22,4415.46,4404.73,0
2016-06-23,4437.61,4467.48,0
2016-06-24,4294.8,4285.7,0
2016-06-27,4247.71,4201.05,0
2016-06-28,4245.32,4290.47,0
2016-06-29,4323.33,4364.74,0
2016-06-30,4378.75,4417.7,0
2016-07-01,4411.77,4437.44,0
2016-07-05,4414.35,4410.75,0
2016-07-06,4388.43,4444.7,0
2016-07-07,4451.15,4459.58,0
2016-07-08,4484.92,4528.36,0
2016-07-11,4544.33,4554.71,0
2016-07-12,4579.85,4577.61,0
2016-07-13,4589.13,4565.77,0
2016-07-14,4597.19,4596.49,0
2016-07-15,4602,4589.83,0
2016-07-18,4595.06,4619.68,0
2016-07-19,4601.68,4603.28,0
2016-07-20,4630.85,4657.2,0
2016-07-21,4662.95,4647.02,0
2016-07-22,4650.98,4666.07,0
2016-07-25,4662.9,4665.93,0
2016-07-26,4664.1,4672.11,0
2016-07-27,4711.11,4702.88,0
2016-07-28,4710.23,4721.41,0
2016-07-29,4734.7,4730.23,0
2016-08-01,4734.44,4756.04,0
2016-08-02,4748.42,4719.21,0
2016-08-03,4716.58,4734.33,0
2016-08-04,4731.54,4743.81,0
2016-08-05,4769.17,4791.21,0
2016-08-08,4791.1,4784.74,0
2016-08-09,4787.92,4795.75,0
2016-08-10,4799.83,4783.39,0
2016-08-11,4800.59,4803.31,0
2016-08-12,4794.35,4807.08,0
2016-08-15,4814.77,4827.12,0
2016-08-16,4814.21,4797.19,0
2016-08-17,4799.03,4805.45,0
2016-08-18,4802.33,4808.68,0
2016-08-19,4800.2,4806.14,0
2016-08-22,4797.95,4808.56,0
2016-08-23,4828.79,4818.48,0
2016-08-24,4812.49,4783.49,0
2016-08-25,4773.68,4775.43,0
2016-08-26,4782.46,4783.69,0
2016-08-29,4787.93,4791.09,0
2016-08-30,4787.77,4775.99,0
2016-08-31,4770.23,4771.05,0
2016-09-01,4774.81,4783.94,0
2016-09-02,4806.14,4798.74,0
2016-09-06,4806.66,4829.51,0
2016-09-07,4829.91,4831.86,0
2016-09-08,4816.48,4804,0
2016-09-09,4763.04,4681.53,0
2016-09-12,4656.59,4764.65,0
2016-09-13,4740,4722.84,0
2016-09-14,4726.75,4746.06,0
2016-09-15,4749.71,4819.9,0
2016-09-16,4811.79,4818.05,0
2016-09-19,4833.84,4796.07,0
2016-09-20,4813.78,4805.22,0
2016-09-21,4826.58,4853.75,0
2016-09-22,4879.28,4891.36,0
2016-09-23,4881.45,4858.91,0
2016-09-26,4830.17,4817.17,0
2016-09-27,4813.89,4866.71,0
2016-09-28,4871.84,4875.27,0
2016-09-29,4868.46,4838.3,0
2016-09-30,4856.1,4875.7,0
2016-10-03,4864.63,4866.63,0
2016-10-04,4880.57,4859.47,0
2016-10-05,4872.98,4877.75,0
2016-10-06,4871.95,4873.92,0
2016-10-07,4883.94,4864.52,0
2016-10-10,4887.73,4893.77,0
2016-10-11,4890.17,4821.91,0
2016-10-12,4824.27,4819.63,0
2016-10-13,4785.59,4803.1,0
2016-10-14,4828.9,4808.49,0
2016-10-17,4808.47,4796.17,0
2016-10-18,4849.91,4839.72,0
2016-10-19,4833.81,4836.61,0
2016-10-20,4831.31,4832.71,0
2016-10-21,4836.54,4851.86,0
2016-10-24,4884.16,4909.97,0
2016-10-25,4908.18,4891.45,0
2016-10-26,4863.52,4860.59,0
2016-10-27,4883.07,4836.45,0
2016-10-28,4820.5,4805.59,0
2016-10-31,4821.32,4801.27,0
2016-11-01,4810.3,4766.94,0
2016-11-02,4764.83,4726.91,0
2016-11-03,4718.53,4679.1,0
2016-11-04,4647.59,4660.46,0
2016-11-07,4737.99,4773.73,0
2016-11-08,4766.48,4804.92,0
2016-11-09,4748.9,4825.18,0
2016-11-10,4849.71,4747.03,0
2016-11-11,4729.14,4751.95,0
2016-11-14,4752.61,4702.04,0
2016-11-15,4733.57,4764.47,0
2016-11-16,4745.03,4792.27,0
2016-11-17,4789.78,4826.59,0
2016-11-18,4832.81,4808.04,0
2016-11-21,4822.03,4859,0
2016-11-22,4876.92,4873.84,0
2016-11-23,4856.72,4853.86,0
2016-11-25,4861.47,4870.02,0
2016-11-28,4861.73,4857.02,0
2016-11-29,4859.85,4873.21,0
2016-11-30,4876.3,4810.81,0
2016-12-01,4806.77,4734.1,0
2016-12-02,4734.38,4739.37,0
2016-12-05,4762.34,4778.14,0
2016-12-06,4786.06,4788.67,0
2016-12-07,4778.86,4851.94,0
2016-12-08,4849.75,4859.19,0
2016-12-09,4878.54,4895.9,0
2016-12-12,4878.04,4874.3,0
2016-12-13,4893.65,4935.84,0
2016-12-14,4943.64,4921.22,0
2016-12-15,4925.65,4933.41,0
2016-12-16,4945.04,4914.86,0
2016-12-19,4919.16,4934.85,0
2016-12-20,4948.34,4953.8,0
2016-12-21,4952.07,4948.9,0
2016-12-22,4948.36,4934.39,0
2016-12-23,4927.53,4940.02,0
2016-12-27,4948.92,4965.81,0
2016-12-28,4976.42,4926.29,0
2016-12-29,4923.92,4918.28,0
2016-12-30,4925.36,4863.62,0
2017-01-03,4900.85,4911.33,0
2017-01-04,4920.79,4937.2,0
2017-01-05,4936.35,4964.95,0
2017-01-06,4973.87,5007.08,0
2017-01-09,5013.82,5024.9,0
2017-01-10,5027.5,5035.17,0
2017-01-11,5033.88,5050.21,0
2017-01-12,5029.28,5041.43,0
2017-01-13,5047.56,5059.51,0
2017-01-17,5043.07,5044.65,0
2017-01-18,5050.26,5055.85,0
2017-01-19,5061.1,5051.17,0
2017-01-20,5070.15,5063.2,0
2017-01-23,5055.97,5065.7,0
2017-01-24,5079.61,5101.06,0
2017-01-25,5132.87,5151.47,0
2017-01-26,5164.12,5156.92,0
2017-01-27,5169.49,5168.06,0
2017-01-30,5146.41,5129.33,0
2017-01-31,5107.47,5116.77,0
2017-02-01,5157.83,5152.69,0
2017-02-02,5141.28,5147.7,0
2017-02-03,5153.61,5161.6,0
2017-02-06,5154.18,5167.96,0
2017-02-07,5178.85,5185.88,0
2017-02-08,5176.5,5196.58,0
2017-02-09,5200.17,5212.16,0
2017-02-10,5219.81,5226.69,0
2017-02-13,5242.49,5256.82,0
2017-02-14,5251.36,5271.07,0
2017-02-15,5266.12,5302.39,0
2017-02-16,5306.38,5300.64,0
2017-02-17,5295.49,5324.72,0
2017-02-21,5334.57,5350.73,0
2017-02-22,5345.18,5352.13,0
2017-02-23,5358.03,5332.37,0
2017-02-24,5305.23,5343.31,0
2017-02-27,5330.56,5347.55,0
2017-02-28,5344.18,5330.31,0
2017-03-01,5368.65,5390.99,0
2017-03-02,5386.34,5363.26,0
2017-03-03,5355.21,5373.48,0
2017-03-06,5352.61,5360.31,0
2017-03-07,5348.2,5351.28,0
2017-03-08,5351.35,5359.8,0
2017-03-09,5355.78,5363.98,0
2017-03-10,5390.46,5385.9,0
2017-03-13,5387.73,5394.57,0
2017-03-14,5382.79,5382.17,0
2017-03-15,5392.48,5416.25,0
2017-03-16,5421.46,5412.08,0
2017-03-17,5413.47,5408.76,0
2017-03-20,5406.02,5413.31,0
2017-03-21,5433.28,5332.53,0
2017-03-22,5332.64,5367.55,0
2017-03-23,5356.71,5355.14,0
2017-03-24,5376.74,5364,0
2017-03-27,5320.96,5374.27,0
2017-03-28,5371.9,5407.21,0
2017-03-29,5410.14,5430.27,0
2017-03-30,5430.31,5439.74,0
2017-03-31,5430.99,5436.23,0
2017-04-03,5440.2,5432.2,0
2017-04-04,5415.53,5440.41,0
2017-04-05,5447.27,5418.52,0
2017-04-06,5423.65,5420.88,0
2017-04-07,5420.94,5418.37,0
2017-04-10,5423.57,5421.68,0
2017-04-11,5413.91,5398.4,0
2017-04-12,5394.61,5377.03,0
2017-04-13,5370.69,5353.59,0
2017-04-17,5369.21,5399.2,0
2017-04-18,5383.74,5391.66,0
2017-04-19,5416.3,5399.64,0
2017-04-20,5422.47,5443.53,0
2017-04-21,5447.28,5442.05,0
2017-04-24,5503.27,5508.03,0
2017-04-25,5523.48,5548.19,0
2017-04-26,5553.6,5541.09,0
2017-04-27,5555.27,5571.28,0
2017-04-28,5598.47,5583.53,0
2017-05-01,5602.44,5629.63,0
2017-05-02,5642.41,5644.07,0
2017-05-03,5624.87,5625.16,0
2017-05-04,5623.57,5626.32,0
2017-05-05,5640.78,5646.09,0
2017-05-08,5649.18,5659.07,0
2017-05-09,5667.98,5678.31,0
2017-05-10,5681.33,5681.68,0
2017-05-11,5662.59,5674.22,0
2017-05-12,5683.58,5686.81,0
2017-05-15,5687.97,5704.48,0
2017-05-16,5715.15,5724.44,0
2017-05-17,5673.62,5580.55,0
2017-05-18,5569.81,5626.31,0
2017-05-19,5640.71,5651.56,0
2017-05-22,5662.95,5699.4,0
2017-05-23,5714.94,5703.35,0
2017-05-24,5720.83,5730.3,0
2017-05-25,5748.29,5778.37,0
2017-05-26,5782.17,5788.36,0
2017-05-30,5785.38,5794.63,0
2017-05-31,5812.97,5788.8,0
2017-06-01,5804.17,5816.51,0
2017-06-02,5834.41,5881.46,0
2017-06-05,5881.21,5878.12,0
2017-06-06,5869.48,5856.77,0
2017-06-07,5871.77,5877.59,0
2017-06-08,5894.75,5885.3,0
2017-06-09,5891.67,5741.94,0
2017-06-12,5677.16,5708.18,0
2017-06-13,5740.21,5751.82,0
2017-06-14,5774.12,5727.07,0
2017-06-15,5661.36,5700.89,0
2017-06-16,5694.21,5681.48,0
2017-06-19,5729.54,5772.22,0
2017-06-20,5762.99,5726.31,0
2017-06-21,5740.58,5782.39,0
2017-06-22,5787.43,5779.87,0
2017-06-23,5775.03,5803.11,0
2017-06-26,5832.31,5777.59,0
2017-06-27,5752.72,5671.6,0
2017-06-28,5693.48,5753.03,0
2017-06-29,5723.31,5653.02,0
2017-06-30,5676.4,5646.92,0
2017-07-03,5680.36,5596.96,0
2017-07-05,5611,5648.82,0
2017-07-06,5606.42,5597.9,0
2017-07-07,5618.85,5656.47,0
2017-07-10,5662.71,5694.15,0
2017-07-11,5687.03,5709.8,0
2017-07-12,5757.2,5778.95,0
2017-07-13,5785.32,5793.36,0
2017-07-14,5815.04,5838.08,0
2017-07-17,5845.82,5839.74,0
2017-07-18,5832.92,5880.1,0
2017-07-19,5898.4,5916.16,0
2017-07-20,5929.58,5921.22,0
2017-07-21,5905.6,5921.52,0
2017-07-24,5920.93,5941.37,0
2017-07-25,5927.1,5930.65,0
2017-07-26,5944.16,5950.73,0
2017-07-27,5994.02,5917.03,0
2017-07-28,5883.7,5908.92,0
2017-07-31,5928.68,5880.33,0
2017-08-01,5900.64,5895.17,0
2017-08-02,5934.07,5914.23,0
2017-08-03,5915.73,5891.2,0
2017-08-04,5899.69,5899.91,0
2017-08-07,5909.45,5934.73,0
2017-08-08,5922.64,5926.35,0
2017-08-09,5879.55,5919.39,0
2017-08-10,5880.13,5788.19,0
2017-08-11,5792.32,5831.53,0
2017-08-14,5878.64,5908.17,0
2017-08-15,5917.29,5907.73,0
2017-08-16,5920.68,5917.42,0
2017-08-17,5896.31,5796.32,0
2017-08-18,5803.9,5790.91,0
2017-08-21,5791.04,5786.54,0
2017-08-22,5817.29,5873.33,0
2017-08-23,5842.16,5851.78,0
2017-08-24,5863.99,5834.44,0
2017-08-25,5854.31,5822.53,0
2017-08-28,5839.27,5838.08,0
2017-08-29,5785.29,5862.14,0
2017-08-30,5870.88,5932.9,0
2017-08-31,5948.74,5988.6,0
2017-09-01,6001.82,5987.9,0
2017-09-05,5966.64,5932.73,0
2017-09-06,5949.54,5951.13,0
2017-09-07,5960.44,5964.31,0
2017-09-08,5957.19,5913.37,0
2017-09-11,5962.35,5980.53,0
2017-09-12,5998.74,5995.64,0
2017-09-13,5982.85,6004.38,0
2017-09-14,5981.85,5968.82,0
2017-09-15,5965.66,5988,0
2017-09-18,5997.51,5981.12,0
2017-09-19,5991.93,5991.08,0
2017-09-20,5987.72,5973.6,0
2017-09-21,5965.6,5934.91,0
2017-09-22,5912.19,5932.32,0
2017-09-25,5904.06,5867.35,0
2017-09-26,5893.18,5881.34,0
2017-09-27,5912.96,5937.79,0
2017-09-28,5920.65,5933.07,0
2017-09-29,5941.78,5979.3,0
2017-10-02,5988.96,5981.92,0
2017-10-03,5986.85,5995.06,0
2017-10-04,5983.31,5998.84,0
2017-10-05,6018.27,6057.14,0
2017-10-06,6037.44,6064.57,0
2017-10-09,6071.96,6058.53,0
2017-10-10,6078.27,6063.52,0
2017-10-11,6062.73,6081.25,0
2017-10-12,6072.21,6069.99,0
2017-10-13,6094.72,6092.45,0
2017-10-16,6108.66,6114.53,0
2017-10-17,6111.32,6122.61,0
2017-10-18,6128.91,6114.35,0
2017-10-19,6074.28,6092.62,0
2017-10-20,6114.46,6108.82,0
2017-10-23,6122.24,6067.83,0
2017-10-24,6078.02,6080.22,0
2017-10-25,6069.35,6055.04,0
2017-10-26,6056.05,6037.87,0
2017-10-27,6138.23,6213.47,0
2017-10-30,6209.8,6227.59,0
2017-10-31,6241.88,6248.56,0
2017-11-01,6274.26,6248.65,0
2017-11-02,6238.29,6236.39,0
2017-11-03,6266.19,6295.58,0
2017-11-06,6292.15,6313.61,0
2017-11-07,6314.69,6320.78,0
2017-11-08,6319.03,6345.81,0
2017-11-09,6295.29,6312.21,0
2017-11-10,6297.15,6309.07,0
2017-11-13,6286.01,6316.18,0
2017-11-14,6293.33,6293.64,0
2017-11-15,6261.27,6258.36,0
2017-11-16,6293.46,6339.14,0
2017-11-17,6343.64,6314.51,0
2017-11-20,6319.57,6308.61,0
2017-11-21,6336.91,6378.63,0
2017-11-22,6384.13,6386.12,0
2017-11-24,6393.33,6409.29,0
2017-11-27,6409.52,6405.97,0
2017-11-28,6419.48,6422.56,0
2017-11-29,6412.69,6311.37,0
2017-11-30,6337.34,6365.56,0
2017-12-01,6325.61,6337.87,0
2017-12-04,6380.68,6263.7,0
2017-12-05,6242.47,6265.11,0
2017-12-06,6243.72,6293.05,0
2017-12-07,6300.64,6316.28,0
2017-12-08,6364.6,6344.57,0
2017-12-11,6351.24,6393.89,0
2017-12-12,6389.47,6383.65,0
2017-12-13,6405.41,6394.67,0
2017-12-14,6407.25,6389.91,0
2017-12-15,6405.15,6466.32,0
2017-12-18,6504.89,6513.27,0
2017-12-19,6505.35,6480.67,0
2017-12-20,6504.55,6472.48,0
2017-12-21,6481.08,6472.69,0
2017-12-22,6462.55,6465.17,0
2017-12-26,6427.32,6433.16,0
2017-12-27,6437.06,6435.15,0
2017-12-28,6449.52,6441.42,0
2017-12-29,6439.9,6396.42,0
2018-01-02,6431.59,6511.34,0
2018-01-03,6520.03,6575.8,0
2018-01-04,6595.75,6584.58,0
2018-01-05,6613.12,6653.29,0
2018-01-08,6651.68,6676.63,0
2018-01-09,6692.87,6677.94,0
2018-01-10,6640.66,6662.66,0
2018-01-11,6675.69,6708.49,0
2018-01-12,6699.32,6758.54,0
2018-01-16,6807.85,6737.14,0
2018-01-17,6767.85,6810.28,0
2018-01-18,6804.59,6811.38,0
2018-01-19,6829.04,6834.33,0
2018-01-22,6829.55,6906.28,0
2018-01-23,6928.27,6963.46,0
2018-01-24,6975.38,6919.35,0
2018-01-25,6965.01,6916.3,0
2018-01-26,6956.66,7022.97,0
2018-01-29,7000.68,6988.32,0
2018-01-30,6910.39,6930.73,0
2018-01-31,6972.81,6949.99,0
2018-02-01,6910.57,6901.5,0
2018-02-02,6866.38,6760.29,0
2018-02-05,6687.47,6495.92,0
2018-02-06,6378.6,6665.98,0
2018-02-07,6632.98,6582.02,0
2018-02-08,6595.81,6306.1,0
2018-02-09,6395.16,6412.68,0
2018-02-12,6477.04,6523.85,0
2018-02-13,6482.77,6553.86,0
2018-02-14,6523.26,6675.03,0
2018-02-15,6734.34,6794.92,0
2018-02-16,6778.28,6770.66,0
2018-02-20,6742.15,6779.69,0
2018-02-21,6808.6,6759.26,0
2018-02-22,6793.08,6761.85,0
2018-02-23,6816.43,6896.6,0
2018-02-26,6933.82,6989.1,0
2018-02-27,6984.83,6900.35,0
2018-02-28,6945.2,6854.42,0
2018-03-01,6862.94,6750.54,0
2018-03-02,6661.91,6811.04,0
2018-03-05,6777.63,6881.28,0
2018-03-06,6919.79,6913.02,0
2018-03-07,6855.57,6929.39,0
2018-03-08,6955.85,6966.43,0
2018-03-09,7014.84,7101.18,0
2018-03-12,7122.47,7131.12,0
2018-03-13,7172.25,7046.51,0
2018-03-14,7077.85,7040.98,0
2018-03-15,7050.66,7030.97,0
2018-03-16,7058.12,7019.95,0
2018-03-19,6945.97,6864.88,0
2018-03-20,6871.09,6885.92,0
2018-03-21,6863.29,6853.45,0
2018-03-22,6763.94,6682.26,0
2018-03-23,6683.19,6508.09,0
2018-03-26,6644.4,6753.83,0
2018-03-27,6791.39,6529.84,0
2018-03-28,6488.02,6460.81,0
2018-03-29,6493.51,6581.13,0
2018-04-02,6528.23,6390.84,0
2018-04-03,6448.05,6458.83,0
2018-04-04,6326.54,6560.06,0
2018-04-05,6619.22,6594.84,0
2018-04-06,6514.48,6433.21,0
2018-04-09,6488.48,6472.34,0
2018-04-10,6585.52,6615.87,0
2018-04-11,6578.84,6583.44,0
2018-04-12,6627.32,6656.26,0
2018-04-13,6696.02,6628.34,0
2018-04-16,6675.92,6675.18,0
2018-04-17,6738.65,6816.37,0
2018-04-18,6824.58,6833.21,0
2018-04-19,6793.07,6774.89,0
2018-04-20,6754.67,6667.75,0
2018-04-23,6699.16,6648.8,0
2018-04-24,6680.88,6509.05,0
2018-04-25,6514.32,6513.94,0
2018-04-26,6606.61,6649.65,0
2018-04-27,6748.59,6656.35,0
2018-04-30,6669.44,6605.57,0
2018-05-01,6592.93,6681.96,0
2018-05-02,6694.52,6644.48,0
2018-05-03,6608.7,6643.48,0
2018-05-04,6618.7,6769.12,0
2018-05-07,6803.45,6821.87,0
2018-05-08,6813.91,6815.48,0
2018-05-09,6830.54,6893.21,0
2018-05-10,6909.18,6963.55,0
2018-05-11,6948.87,6952.56,0
2018-05-14,6977.35,6964.37,0
2018-05-15,6909.32,6888.54,0
2018-05-16,6892.89,6929.97,0
2018-05-17,6905.75,6901.63,0
2018-05-18,6876.65,6866.25,0
2018-05-21,6920.32,6905.53,0
2018-05-22,6934.7,6893.62,0
2018-05-23,6847.27,6953.63,0
2018-05-24,6951.52,6949.7,0
2018-05-25,6951.47,6960.92,0
2018-05-29,6928.5,6926.54,0
2018-05-30,6955.59,6976.37,0
2018-05-31,6969.93,6967.73,0
2018-06-01,7010.08,7083.93,0
2018-06-04,7099.5,7143.57,0
2018-06-05,7162.41,7166.75,0
2018-06-06,7180.24,7210.08,0
2018-06-07,7212.43,7152.83,0
2018-06-08,7121.76,7152.62,0
2018-06-11,7149.65,7168.48,0
2018-06-12,7181.67,7209.18,0
2018-06-13,7219.58,7205.26,0
2018-06-14,7233.7,7279.59,0
2018-06-15,7245.16,7255.76,0
2018-06-18,7201.18,7251.41,0
2018-06-19,7158.8,7228.04,0
2018-06-20,7264.85,7280.7,0
2018-06-21,7304.05,7217.49,0
2018-06-22,7239.72,7197.51,0
2018-06-25,7131.05,7038.17,0
2018-06-26,7061.23,7068.2,0
2018-06-27,7096.6,6969.67,0
2018-06-28,6963.37,7031.6,0
2018-06-29,7071.49,7040.8,0
2018-07-02,6979.54,7097.82,0
2018-07-03,7121.71,7014.55,0
2018-07-05,7064,7101.05,0
2018-07-06,7114.17,7207.33,0
2018-07-09,7251.18,7276,0
2018-07-10,7287.05,7282.6,0
2018-07-11,7221.66,7243.98,0
2018-07-12,7276.38,7366.25,0
2018-07-13,7372.28,7375.82,0
2018-07-16,7381.03,7357.9,0
2018-07-17,7291.48,7403.89,0
2018-07-18,7407.25,7390.13,0
2018-07-19,7364.66,7352.36,0
2018-07-20,7379.13,7350.23,0
2018-07-23,7335.42,7371.78,0
2018-07-24,7455.51,7406.25,0
2018-07-25,7406.1,7508.59,0
2018-07-26,7404.56,7400.75,0
2018-07-27,7443.24,7296.78,0
2018-07-30,7292.72,7193.1,0
2018-07-31,7219.67,7231.98,0
2018-08-01,7269.2,7272.89,0
2018-08-02,7221.35,7372.15,0
2018-08-03,7389.36,7395.49,0
2018-08-06,7390.82,7438.99,0
2018-08-07,7459.32,7462.65,0
2018-08-08,7454.42,7469.54,0
2018-08-09,7467.51,7466.96,0
2018-08-10,7409.05,7408.3,0
2018-08-13,7420.18,7401.17,0
2018-08-14,7430.45,7447.17,0
2018-08-15,7385.67,7354.66,0
2018-08-16,7409.61,7374.29,0
2018-08-17,7352.63,7377.54,0
2018-08-20,7393.58,7371.42,0
2018-08-21,7393.46,7397.23,0
2018-08-22,7379.84,7424.6,0
2018-08-23,7420.31,7413.84,0
2018-08-24,7443.71,7485.4,0
2018-08-27,7527.37,7559.13,0
2018-08-28,7580.85,7570.25,0
2018-08-29,7585.13,7660.18,0
2018-08-30,7645.11,7642.67,0
2018-08-31,7634.44,7654.55,0
2018-09-04,7629.34,7622.32,0
2018-09-05,7600.95,7523.26,0
2018-09-06,7527.22,7453.17,0
2018-09-07,7402.19,7430.26,0
2018-09-10,7466.76,7447.68,0
2018-09-11,7415.09,7507.87,0
2018-09-12,7493.38,7488.06,0
2018-09-13,7535.23,7561.69,0
2018-09-14,7575.38,7545.5,0
2018-09-17,7522.59,7434.73,0
2018-09-18,7440.86,7494.4,0
2018-09-19,7498.24,7490.32,0
2018-09-20,7534.02,7569.03,0
2018-09-21,7587.39,7531.07,0
2018-09-24,7477.45,7548.75,0
2018-09-25,7552.02,7563.19,0
2018-09-26,7563.96,7563.09,0
2018-09-27,7600.35,7629.57,0
2018-09-28,7612.65,7627.65,0
2018-10-01,7673,7645.45,0
2018-10-02,7632.37,7628.28,0
2018-10-03,7663.09,7637.43,0
2018-10-04,7603.01,7490,0
2018-10-05,7482.04,7399.01,0
2018-10-08,7356.54,7352.82,0
2018-10-09,7352.44,7371.62,0
2018-10-10,7319.81,7044.5,0
2018-10-11,7013.48,6964.03,0
2018-10-12,7150.21,7157.21,0
2018-10-15,7129.31,7068.67,0
2018-10-16,7141.67,7276.43,0
2018-10-17,7310,7278.63,0
2018-10-18,7250.92,7116.09,0
2018-10-19,7169.45,7107.23,0
2018-10-22,7146.03,7141.21,0
2018-10-23,7002.69,7118.67,0
2018-10-24,7101.85,6789.15,0
2018-10-25,6891.27,7016.39,0
2018-10-26,6804.69,6852.4,0
2018-10-29,6954.69,6713.9,0
2018-10-30,6673.84,6810.12,0
2018-10-31,6933.11,6967.1,0
2018-11-01,6980.79,7069.17,0
2018-11-02,7042.3,6965.29,0
2018-11-05,6946.15,6937.09,0
2018-11-06,6939.13,6988.85,0
2018-11-07,7068.5,7203.13,0
2018-11-08,7176.19,7158.59,0
2018-11-09,7095.45,7039.15,0
2018-11-12,6990.37,6829.1,0
2018-11-13,6858.59,6830.91,0
2018-11-14,6896.2,6769.87,0
2018-11-15,6750.63,6890.45,0
2018-11-16,6823.03,6867.02,0
2018-11-19,6832.25,6642.92,0
2018-11-20,6475.68,6526.96,0
2018-11-21,6608.12,6575.66,0
2018-11-23,6525.02,6527.35,0
2018-11-26,6616.79,6678.34,0
2018-11-27,6639.39,6701.04,0
2018-11-28,6756.13,6913.33,0
2018-11-29,6890.84,6892.4,0
2018-11-30,6902.24,6949.01,0
2018-12-03,7106.84,7062.13,0
2018-12-04,7026.81,6795.21,0
2018-12-06,6652.13,6838.85,0
2018-12-07,6806.63,6613.27,0
2018-12-10,6603.36,6682.74,0
2018-12-11,6782.41,6704.24,0
2018-12-12,6800.55,6763.96,0
2018-12-13,6805.7,6767.97,0
2018-12-14,6679.91,6594.96,0
2018-12-17,6571,6448.39,0
2018-12-18,6503.12,6491.52,0
2018-12-19,6480.31,6342.97,0
2018-12-20,6312.72,6243.19,0
2018-12-21,6293.05,6046.56,0
2018-12-24,5994.08,5899.35,0
2018-12-26,5969.08,6262.77,0
2018-12-27,6168.6,6288.3,0
2018-12-28,6326.62,6285.27,0
2018-12-31,6354.84,6329.96,0
2019-01-02,6198.68,6360.87,0
2019-01-03,6274.76,6147.13,0
2019-01-04,6250.05,6422.67,0
2019-01-07,6434.55,6488.25,0
2019-01-08,6555.91,6551.85,0
2019-01-09,6576.54,6600.69,0
2019-01-10,6551.05,6620.94,0
2019-01-11,6579.89,6601.4,0
2019-01-14,6536.37,6541.04,0
2019-01-15,6571.15,6669.64,0
2019-01-16,6677.38,6668.56,0
2019-01-17,6646.19,6718.45,0
2019-01-18,6771.52,6784.61,0
2019-01-22,6736.65,6646.81,0
2019-01-23,6689.08,6658.76,0
2019-01-24,6680.34,6702.55,0
2019-01-25,6755.67,6787.37,0
2019-01-28,6691.84,6697.09,0
2019-01-29,6695.71,6632.79,0
2019-01-30,6708.56,6807.91,0
2019-01-31,6840.93,6906.84,0
2019-02-01,6872.73,6875.52,0
2019-02-04,6876.56,6959.96,0
2019-02-05,6969.37,7023.52,0
2019-02-06,7023.89,6997.62,0
2019-02-07,6934.33,6904.98,0
2019-02-08,6843.33,6913.13,0
2019-02-11,6941.26,6909.18,0
2019-02-12,6960.55,7014.67,0
2019-02-13,7038.32,7015.88,0
2019-02-14,6986.51,7022.42,0
2019-02-15,7066.38,7055.18,0
2019-02-19,7033.37,7066.61,0
2019-02-20,7070.24,7062.34,0
2019-02-21,7047.08,7035.16,0
2019-02-22,7055.2,7090.63,0
2019-02-25,7144.34,7115.43,0
2019-02-26,7098.97,7123.22,0
2019-02-27,7095.75,7117,0
2019-02-28,7093.2,7097.53,0
2019-03-01,7152.08,7151.57,0
2019-03-04,7193.88,7150.83,0
2019-03-05,7156.66,7156.79,0
2019-03-06,7156.24,7112.47,0
2019-03-07,7089.63,7026.88,0
2019-03-08,6940.9,7015.69,0
2019-03-11,7050.05,7164.02,0
2019-03-12,7176.23,7201.28,0
2019-03-13,7231.05,7256.98,0
2019-03-14,7257.31,7243.01,0
2019-03-15,7274.14,7306.99,0
2019-03-18,7311.63,7326.28,0
2019-03-19,7357.58,7349.28,0
2019-03-20,7348.99,7380.75,0
2019-03-21,7356.94,7493.27,0
2019-03-22,7458.44,7326.06,0
2019-03-25,7299.93,7316.96,0
2019-03-26,7378.23,7351.15,0
2019-03-27,7364.47,7308.19,0
2019-03-28,7325.06,7320.47,0
2019-03-29,7377.77,7378.77,0
2019-04-01,7450.81,7478.42,0
2019-04-02,7473.51,7499.64,0
2019-04-03,7538.17,7544.97,0
2019-04-04,7542.16,7540.57,0
2019-04-05,7564.27,7578.84,0
2019-04-08,7565.06,7599.74,0
2019-04-09,7571.88,7568.49,0
2019-04-10,7581.39,7611.49,0
2019-04-11,7621.4,7594.89,0
2019-04-12,7624.15,7628.15,0
2019-04-15,7630.6,7629.12,0
2019-04-16,7651.19,7654.73,0
2019-04-17,7705.32,7680.72,0
2019-04-18,7688.93,7689.72,0
2019-04-22,7658.37,7713.49,0
2019-04-23,7724.17,7810.71,0
2019-04-24,7813.02,7784.41,0
2019-04-25,7850.71,7816.92,0
2019-04-26,7791.15,7826.68,0
2019-04-29,7825.64,7839.04,0
2019-04-30,7769.3,7781.46,0
2019-05-01,7828.14,7751.85,0
2019-05-02,7751.64,7724.06,0
2019-05-03,7784.29,7845.73,0
2019-05-06,7662.92,7794.09,0
2019-05-07,7713.49,7640.15,0
2019-05-08,7623.32,7617.55,0
2019-05-09,7525.81,7582.75,0
2019-05-10,7556.04,7586.53,0
2019-05-13,7385.55,7324.13,0
2019-05-14,7366.64,7401.88,0
2019-05-15,7354.82,7503.25,0
2019-05-16,7509.9,7580.14,0
2019-05-17,7513.15,7503.68,0
2019-05-20,7391.73,7376.7,0
2019-05-21,7442.31,7451.02,0
2019-05-22,7413.84,7420.66,0
2019-05-23,7331.67,7307.93,0
2019-05-24,7353.97,7300.96,0
2019-05-28,7321.27,7278.38,0
2019-05-29,7222.55,7216.86,0
2019-05-30,7234.83,7245.4,0
2019-05-31,7148.71,7127.96,0
2019-06-03,7110.34,6978.02,0
2019-06-04,7056.18,7166.75,0
2019-06-05,7230.81,7220.9,0
2019-06-06,7229.86,7275.93,0
2019-06-07,7315.33,7417.29,0
2019-06-10,7472.6,7501.93,0
2019-06-11,7584.75,7513.85,0
2019-06-12,7493.55,7472.29,0
2019-06-13,7500.85,7510.68,0
2019-06-14,7476.47,7479.11,0
2019-06-17,7500.28,7526.52,0
2019-06-18,7606.61,7635.4,0
2019-06-19,7652.52,7667.74,0
2019-06-20,7770.17,7738.05,0
2019-06-21,7719.42,7728.78,0
2019-06-24,7737,7723.02,0
2019-06-25,7720.91,7591.54,0
2019-06-26,7642.92,7627.05,0
2019-06-27,7656.68,7657.05,0
2019-06-28,7674.52,7671.07,0
2019-07-01,7816.56,7768.14,0
2019-07-02,7763.03,7799.82,0
2019-07-03,7819.06,7857.69,0
2019-07-05,7806.07,7841.3,0
2019-07-08,7790.46,7785.79,0
2019-07-09,7748.29,7826.86,0
2019-07-10,7869.73,7903.4,0
2019-07-11,7918.65,7896.78,0
2019-07-12,7908.58,7943.24,0
2019-07-15,7961.07,7966.93,0
2019-07-16,7958.44,7927.08,0
2019-07-17,7927.91,7888.76,0
2019-07-18,7850.12,7904.13,0
2019-07-19,7944.86,7834.9,0
2019-07-22,7862.38,7905.12,0
2019-07-23,7946.05,7954.56,0
2019-07-24,7928.78,8010.6,0
2019-07-25,7979.14,7929.87,0
2019-07-26,7992.13,8016.95,0
2019-07-29,8010.05,7989.08,0
2019-07-30,7927.56,7952.47,0
2019-07-31,7972.76,7848.78,0
2019-08-01,7866.6,7801.15,0
2019-08-02,7740.91,7692.8,0
2019-08-05,7510.02,7415.69,0
2019-08-06,7492.02,7521.32,0
2019-08-07,7436.14,7551.9,0
2019-08-08,7608.03,7724.83,0
2019-08-09,7684.56,7646.27,0
2019-08-12,7597.19,7561.68,0
2019-08-13,7553.43,7728.15,0
2019-08-14,7594.64,7490.13,0
2019-08-15,7503.14,7484.89,0
2019-08-16,7548.9,7604.11,0
2019-08-19,7715.41,7719.32,0
2019-08-20,7708.31,7664.47,0
2019-08-21,7731.75,7733.22,0
2019-08-22,7750.98,7707.43,0
2019-08-23,7658.48,7464.99,0
2019-08-26,7540.69,7575.02,0
2019-08-27,7630.46,7566.03,0
2019-08-28,7536.7,7587.9,0
2019-08-29,7678.69,7702.31,0
2019-08-30,7743.23,7691,0
2019-09-03,7634.03,7609.51,0
2019-09-04,7683.78,7719.25,0
2019-09-05,7803.45,7862.54,0
2019-09-06,7868.87,7852.54,0
2019-09-09,7876.4,7832.4,0
2019-09-10,7793.28,7814.74,0
2019-09-11,7820.71,7887.58,0
2019-09-12,7931.96,7917.34,0
2019-09-13,7903.73,7892.95,0
2019-09-16,7833.73,7852.41,0
2019-09-17,7849.88,7888.79,0
2019-09-18,7877.58,7888.56,0
2019-09-19,7904.39,7901.79,0
2019-09-20,7901.46,7823.55,0
2019-09-23,7815.23,7818.61,0
2019-09-24,7855.97,7710.04,0
2019-09-25,7706.5,7803.54,0
2019-09-26,7794.28,7771.99,0
2019-09-27,7786.03,7681.58,0
2019-09-30,7705.97,7749.45,0
2019-10-01,7782.82,7684.14,0
2019-10-02,7627.59,7550.79,0
2019-10-03,7557.19,7638.39,0
2019-10-04,7677.33,7754.1,0
2019-10-07,7725.68,7725.13,0
2019-10-08,7671.38,7604.27,0
2019-10-09,7678.66,7690.53,0
2019-10-10,7688.42,7740.36,0
2019-10-11,7835.93,7843.87,0
2019-10-14,7834.74,7842.33,0
2019-10-15,7867.96,7942.85,0
2019-10-16,7911.99,7920.21,0
2019-10-17,7976.64,7942.14,0
2019-10-18,7938.3,7868.49,0
2019-10-21,7911.58,7940.33,0
2019-10-22,7968.25,7874.62,0
2019-10-23,7858.48,7889.47,0
2019-10-24,7956.23,7966.72,0
2019-10-25,7926.6,8029.22,0
2019-10-28,8071.39,8110.67,0
2019-10-29,8101.55,8047.51,0
2019-10-30,8056.9,8083.11,0
2019-10-31,8100.62,8083.83,0
2019-11-01,8121.95,8161.17,0
2019-11-04,8218.93,8210.66,0
2019-11-05,8225.35,8210.18,0
2019-11-06,8204.34,8196.03,0
2019-11-07,8237.68,8219.65,0
2019-11-08,8208.37,8255.89,0
2019-11-11,8212.37,8241.91,0
2019-11-12,8249.62,8263.79,0
2019-11-13,8235.68,8259.81,0
2019-11-14,8238.85,8257.83,0
2019-11-15,8303.84,8315.52,0
2019-11-18,8303.22,8328.48,0
2019-11-19,8357.43,8338.74,0
2019-11-20,8315.55,8283.75,0
2019-11-21,8273.95,8265.62,0
2019-11-22,8287.25,8272.05,0
2019-11-25,8309.55,8371.93,0
2019-11-26,8374.26,8385.75,0
2019-11-27,8407.23,8444.71,0
2019-11-29,8422.02,8403.68,0
2019-12-02,8409.87,8309.26,0
2019-12-03,8201.63,8254.74,0
2019-12-04,8291.86,8296.53,0
2019-12-05,8321.19,8308.4,0
2019-12-06,8370.23,8397.37,0
2019-12-09,8388.75,8362.74,0
2019-12-10,8364.55,8354.29,0
2019-12-11,8371.65,8402.61,0
2019-12-12,8391.91,8466.89,0
2019-12-13,8461.42,8487.71,0
2019-12-16,8544.26,8570.33,0
2019-12-17,8586.33,8575.7,0
2019-12-18,8587.2,8580.62,0
2019-12-19,8592.68,8641.29,0
2019-12-20,8666.57,8678.49,0
2019-12-23,8703.06,8696.01,0
2019-12-24,8705.3,8699.51,0
2019-12-26,8717.95,8778.31,0
2019-12-27,8805.86,8770.98,0
2019-12-30,8766.39,8709.73,0
2019-12-31,8681.33,8733.07,0
2020-01-02,8802.22,8872.22,0
2020-01-03,8755.17,8793.9,0
2020-01-06,8713.89,8848.52,0
2020-01-07,8857.14,8846.45,0
2020-01-08,8845.45,8912.37,0
2020-01-09,8990.04,8989.63,0
2020-01-10,9021.88,8966.64,0
2020-01-13,9007.94,9070.65,0
2020-01-14,9068.02,9033.42,0
2020-01-15,9039.31,9035.67,0
2020-01-16,9088.08,9125,0
2020-01-17,9159.48,9173.73,0
2020-01-21,9145.64,9166.63,0
2020-01-22,9212.35,9188.57,0
2020-01-23,9186.14,9216.98,0
2020-01-24,9266.35,9141.47,0
2020-01-27,8913.16,8952.18,0
2020-01-28,9013.23,9090.93,0
2020-01-29,9141.52,9101.61,0
2020-01-30,9038.92,9136.09,0
2020-01-31,9142.53,8991.51,0
2020-02-03,9033.52,9126.23,0
2020-02-04,9256.94,9334.06,0
2020-02-05,9441.34,9367.48,0
2020-02-06,9395.69,9445.92,0
2020-02-07,9397.77,9401.1,0
2020-02-10,9373.2,9516.84,0
2020-02-11,9567.81,9517.86,0
2020-02-12,9569.82,9613.2,0
2020-02-13,9540.67,9595.7,0
2020-02-14,9613.88,9623.58,0
2020-02-18,9567.27,9629.8,0
2020-02-19,9683.94,9718.73,0
2020-02-20,9696.66,9627.83,0
2020-02-21,9582.54,9446.69,0
2020-02-24,9055.3,9079.63,0
2020-02-25,9167.33,8834.87,0
2020-02-26,8883.01,8873.76,0
2020-02-27,8632.54,8436.67,0
2020-02-28,8133.85,8461.83,0
2020-03-02,8569.91,8877.98,0
2020-03-03,8892.68,8594.49,0
2020-03-04,8745.64,8949.28,0
2020-03-05,8713.19,8671.66,0
2020-03-06,8395.95,8530.34,0
2020-03-09,7912.14,7948.03,0
2020-03-10,8213.97,8372.27,0
2020-03-11,8166.26,8006.12,0
2020-03-12,7452.76,7263.65,0
2020-03-13,7683.04,7995.26,0
2020-03-16,7502.26,7020.38,0
2020-03-17,7198.53,7473.95,0
2020-03-18,7023.86,7175.18,0
2020-03-19,7190.21,7288.52,0
2020-03-20,7391.22,6994.29,0
2020-03-23,6952.71,7006.92,0
2020-03-24,7348.99,7553.82,0
2020-03-25,7543.96,7469.62,0
2020-03-26,7549.83,7897.13,0
2020-03-27,7657.44,7588.37,0
2020-03-30,7678.83,7889.01,0
2020-03-31,7855.74,7813.5,0
2020-04-01,7582.78,7486.29,0
2020-04-02,7445.88,7635.66,0
2020-04-03,7631.57,7528.11,0
2020-04-06,7819.06,8081.66,0
2020-04-07,8287.48,8049.31,0
2020-04-08,8134.3,8229.54,0
2020-04-09,8284.31,8238.53,0
2020-04-13,8209.68,8332.74,0
2020-04-14,8489.27,8692.16,0
2020-04-15,8548.47,8591.96,0
2020-04-16,8689.09,8757.83,0
2020-04-17,8876.66,8832.41,0
2020-04-20,8742.54,8726.51,0
2020-04-21,8639.74,8403,0
2020-04-22,8575.57,8664.63,0
2020-04-23,8693.73,8641.5,0
2020-04-24,8666.57,8786.6,0
2020-04-27,8865.58,8837.66,0
2020-04-28,8913.28,8677.6,0
2020-04-29,8871.04,8982.76,0
2020-04-30,9005.24,9000.51,0
2020-05-01,8791.88,8718.18,0
2020-05-04,8683.94,8834.11,0
2020-05-05,8922.39,8930.62,0
2020-05-06,8997.02,8984.86,0
2020-05-07,9104.67,9101.88,0
2020-05-08,9165.7,9220.35,0
2020-05-11,9155.21,9298.92,0
2020-05-12,9326.06,9112.45,0
2020-05-13,9123.69,9000.08,0
2020-05-14,8946.45,9094.43,0
2020-05-15,8976.29,9152.64,0
2020-05-18,9281.36,9331.93,0
2020-05-19,9326.28,9298.54,0
2020-05-20,9415.25,9485.02,0
2020-05-21,9487.63,9377.99,0
2020-05-22,9363.68,9413.99,0
2020-05-26,9570.53,9389.98,0
2020-05-27,9366.63,9442.05,0
2020-05-28,9404.83,9416.71,0
2020-05-29,9440.64,9555.52,0
2020-06-01,9526.43,9598.89,0
2020-06-02,9603.18,9657.31,0
2020-06-03,9689.72,9704.69,0
2020-06-04,9672.17,9629.66,0
2020-06-05,9673.09,9824.39,0
2020-06-08,9805.69,9901.52,0
2020-06-09,9861.18,9967.17,0
2020-06-10,10037.98,10094.26,0
2020-06-11,9907.56,9588.48,0
2020-06-12,9785.58,9663.77,0
2020-06-15,9517.14,9776.89,0
2020-06-16,9983.65,9949.37,0
2020-06-17,9998.86,9982.48,0
2020-06-18,9972.35,10012.05,0
2020-06-19,10104.63,10008.64,0
2020-06-22,10009,10130.33,0
2020-06-23,10192.42,10209.82,0
2020-06-24,10183.77,10002.7,0
2020-06-25,10003.5,10101.83,0
2020-06-26,10087.08,9849.36,0
2020-06-29,9850.55,9961.16,0
2020-06-30,9970.21,10156.85,0
2020-07-01,10160.41,10279.25,0
2020-07-02,10386.38,10341.89,0
2020-07-06,10487.7,10604.06,0
2020-07-07,10595.94,10524.01,0
2020-07-08,10594.41,10666.7,0
2020-07-09,10745.87,10754.59,0
2020-07-10,10751.77,10836.33,0
2020-07-13,10951.54,10602.21,0
2020-07-14,10502.85,10689.52,0
2020-07-15,10752.11,10701.68,0
2020-07-16,10589.86,10626.46,0
2020-07-17,10651.59,10645.22,0
2020-07-20,10672.96,10952.08,0
2020-07-21,11015.54,10833.07,0
2020-07-22,10850.92,10870.75,0
2020-07-23,10853.16,10580.59,0
2020-07-24,10389.53,10483.13,0
2020-07-27,10547.11,10674.38,0
2020-07-28,10644.33,10532.5,0
2020-07-29,10602.4,10662.98,0
2020-07-30,10578.62,10715.51,0
2020-07-31,10886.36,10905.88,0
2020-08-03,11018.02,11055.08,0
2020-08-04,11075.04,11096.54,0
2020-08-05,11107.24,11125.44,0
2020-08-06,11116.49,11267.08,0
2020-08-07,11235.23,11139.39,0
2020-08-10,11153.51,11085.17,0
2020-08-11,11039.68,10876.08,0
2020-08-12,10972.07,11157.72,0
2020-08-13,11174.64,11178.37,0
2020-08-14,11187.82,11164.45,0
2020-08-17,11231.97,11288.57,0
2020-08-18,11339.76,11399.03,0
2020-08-19,11397.23,11318.64,0
2020-08-20,11277.05,11477.05,0
2020-08-21,11476.85,11555.16,0
2020-08-24,11703.34,11626.17,0
2020-08-25,11610.58,11721.81,0
2020-08-26,11779.35,11971.94,0
2020-08-27,11997.89,11926.16,0
2020-08-28,11992.68,11995.85,0
2020-08-31,12017.46,12110.7,0
2020-09-01,12203.36,12292.86,0
2020-09-02,12417.45,12420.54,0
2020-09-03,12195.75,11771.37,0
2020-09-04,11686.24,11622.13,0
2020-09-08,11143.91,11068.26,0
2020-09-09,11308.25,11395.85,0
2020-09-10,11501.43,11154.12,0
2020-09-11,11251.19,11087.4,0
2020-09-14,11250.8,11277.76,0
2020-09-15,11432.94,11438.87,0
2020-09-16,11467.9,11247.6,0
2020-09-17,10965.74,11080.95,0
2020-09-18,11147.8,10936.98,0
2020-09-21,10768.01,10980.22,0
2020-09-22,11082.09,11186.37,0
2020-09-23,11167.22,10833.33,0
2020-09-24,10746.35,10896.47,0
2020-09-25,10910.5,11151.13,0
2020-09-28,11332.32,11364.45,0
2020-09-29,11354.7,11322.95,0
2020-09-30,11328.55,11418.06,0
2020-10-01,11554.96,11583.2,0
2020-10-02,11328.85,11255.69,0
2020-10-05,11345.24,11509.06,0
2020-10-06,11476.68,11291.27,0
2020-10-07,11412.65,11503.19,0
2020-10-08,11576.44,11550.94,0
2020-10-09,11615.57,11725.85,0
2020-10-12,11900.12,12088.11,0
2020-10-13,12131.07,12083.17,0
2020-10-14,12105.1,11985.36,0
2020-10-15,11767.27,11898.57,0
2020-10-16,11952.12,11852.17,0
2020-10-19,11913.01,11634.35,0
2020-10-20,11679.08,11677.84,0
2020-10-21,11686.19,11665.37,0
2020-10-22,11712.64,11662.91,0
2020-10-23,11680.72,11692.57,0
2020-10-26,11584.17,11504.52,0
2020-10-27,11560.86,11598.95,0
2020-10-28,11400.48,11142.76,0
2020-10-29,11214.33,11350.74,0
2020-10-30,11265.7,11052.95,0
2020-11-02,11152.48,11084.76,0
2020-11-03,11155.84,11279.91,0
2020-11-04,11627.76,11777.02,0
2020-11-05,12021.77,12078.07,0
2020-11-06,12044.29,12091.35,0
2020-11-09,12194.71,11830.39,0
2020-11-10,11704.46,11624.29,0
2020-11-11,11734.81,11892.93,0
2020-11-12,11924.15,11827.14,0
2020-11-13,11910.62,11937.84,0
2020-11-16,11925.36,12013.38,0
2020-11-17,12030.27,11977.49,0
2020-11-18,11963.36,11894.71,0
2020-11-19,11863.12,11985.43,0
2020-11-20,11976,11906.44,0
2020-11-23,11959.89,11905.94,0
2020-11-24,11952.7,12079.81,0
2020-11-25,12112.11,12152.22,0
2020-11-27,12220.37,12258.21,0
2020-11-30,12278.78,12268.32,0
2020-12-01,12387.62,12455.33,0
2020-12-02,12390.58,12456.41,0
2020-12-03,12469.16,12467.13,0
2020-12-04,12479.91,12528.48,0
2020-12-07,12523.57,12596.47,0
2020-12-08,12574.84,12635.72,0
2020-12-09,12626.97,12364.64,0
2020-12-10,12268.47,12401.74,0
2020-12-11,12327.07,12375.41,0
2020-12-14,12427.86,12462.21,0
2020-12-15,12565.28,12595.92,0
2020-12-16,12607.87,12668.16,0
2020-12-17,12741.64,12752.06,0
2020-12-18,12786.92,12738.18,0
2020-12-21,12575.6,12690.26,0
2020-12-22,12715.48,12717.56,0
2020-12-23,12733.75,12653.14,0
2020-12-24,12668.19,12711.01,0
2020-12-28,12813.97,12838.86,0
2020-12-29,12909.86,12843.49,0
2020-12-30,12900.03,12845.36,0
2020-12-31,12852.96,12888.28,0
2021-01-04,12950.22,12694.66,0.048387097
2021-01-05,12663.13,12802.38,0.043478261
2021-01-06,12601.26,12623.35,0.291666667
2021-01-07,12745.41,12939.57,0.342857143
2021-01-08,13037.24,13105.2,-0.145454545
2021-01-11,12961.5,12902.49,0.123287671
2021-01-12,12916.1,12892.09,0.101694915
2021-01-13,12911.87,12973.63,0.121212121
2021-01-14,13010.94,12898.69,0.015151515
2021-01-15,12898.09,12803.93,0.111111111
2021-01-19,12921.61,12996.54,0.028571429
2021-01-20,13155.12,13296.45,-0.013888889
2021-01-21,13356.7,13404.99,0.03030303
2021-01-22,13356.18,13366.4,0.029850746
2021-01-25,13515.63,13483.29,0.078125
2021-01-26,13507.47,13490.19,-0.014925373
2021-01-27,13371.16,13112.65,-0.04109589
2021-01-28,13163.32,13201.53,0
2021-01-29,13124.7,12925.38,0
2021-02-01,13067.65,13248.9,0.095890411
2021-02-02,13371.37,13456.12,0.054054054
2021-02-03,13555.03,13402.37,0.084507042
2021-02-04,13454.85,13560.89,-0.01369863
2021-02-05,13592.77,13603.96,0.208955224
2021-02-08,13672.33,13695.02,0.095238095
2021-02-09,13667.14,13687.08,0.115942029
2021-02-10,13751.42,13655.27,-0.042857143
2021-02-11,13723.63,13734.35,-0.014285714
2021-02-12,13695.9,13807.7,0.015151515
2021-02-16,13841.03,13773.77,0
2021-02-17,13636.15,13699.71,-0.040816327
2021-02-18,13556.01,13637.51,-0.044117647
2021-02-19,13686.23,13580.78,0.126984127
2021-02-22,13414.04,13223.74,0.079365079
2021-02-23,12982.36,13194.71,-0.1
2021-02-24,13095.86,13302.19,0.014285714
2021-02-25,13197.75,12828.31,-0.014925373
2021-02-26,12958.96,12909.44,0
2021-03-01,13106.02,13282.95,0.142857143
2021-03-02,13297.76,13059.95,-0.032786885
2021-03-03,13020.1,12683.33,0.060606061
2021-03-04,12655.92,12464,-0.014705882
2021-03-05,12594.16,12668.51,0.223880597
2021-03-08,12629.56,12299.08,-0.028169014
2021-03-09,12635.45,12794.49,0.114285714
2021-03-10,12950.25,12752.07,0.151515152
2021-03-11,12960.53,13052.9,0.044776119
2021-03-12,12873.39,12937.29,0.246153846
2021-03-15,12936.13,13082.54,0.073529412
2021-03-16,13156.65,13152.28,-0.014492754
2021-03-17,13024.83,13202.38,-0.094594595
2021-03-18,13006.29,12789.14,-0.044776119
2021-03-19,12792.67,12866.99,-0.088235294
2021-03-22,12943.14,13086.51,0.098591549
2021-03-23,13127.17,13017.79,-0.072463768
2021-03-24,13072.82,12798.88,-0.166666667
2021-03-25,12707.58,12780.51,0.085714286
2021-03-26,12777.27,12979.12,0.082191781
2021-03-29,12950.51,12965.74,-0.04109589
2021-03-30,12904.01,12896.53,-0.01369863
2021-03-31,12970.33,13091.44,-0.014492754
2021-04-01,13268.88,13329.51,0.067567568
2021-04-05,13434.04,13598.16,0.126760563
2021-04-06,13567.2,13578.46,0
2021-04-07,13553.9,13616.7,-0.013888889
2021-04-08,13730.73,13758.5,0
2021-04-09,13709.67,13845.05,0.015384615
2021-04-12,13792.74,13819.35,0.042253521
2021-04-13,13874.58,13986.49,0.013888889
2021-04-14,13973.82,13803.91,0
2021-04-15,13934.87,14026.19,0.123287671
2021-04-16,14035.96,14041.91,0.144927536
2021-04-19,13970.83,13907.67,0.132352941
2021-04-20,13891.96,13809.3,-0.04
2021-04-21,13768.92,13935.15,0.072463768
2021-04-22,13920.88,13762.36,0.028571429
2021-04-23,13794.49,13941.44,0
2021-04-26,13954.94,14026.16,0.123287671
2021-04-27,14048.13,13960.28,0.108108108
2021-04-28,13953.61,13901.62,-0.013333333
2021-04-29,14063.94,13970.2,0.013333333
2021-04-30,13857.79,13860.76,-0.028571429
2021-05-03,13923.04,13799.72,0.01369863
2021-05-04,13680.63,13544.67,0.04
2021-05-05,13649.12,13503.37,0.04109589
2021-05-06,13490.94,13613.73,0.013513514
2021-05-07,13715.56,13719.63,0.027777778
2021-05-10,13647.73,13359.08,-0.013513514
2021-05-11,13102.64,13351.27,-0.042253521
2021-05-12,13155.07,13001.63,-0.084507042
2021-05-13,13133.73,13109.15,0.014084507
2021-05-14,13238.99,13312.91,0
2021-05-17,13329.86,13312.91,-0.126760563
2021-05-18,13352.26,13217.68,0.042857143
2021-05-19,12998.53,13237.91,-0.061538462
2021-05-20,13294.59,13494.09,0.059701493
2021-05-21,13573.22,13411.74,0.075757576
2021-05-24,13504.39,13641.75,0.2
2021-05-25,13701.3,13657.73,-0.014492754
2021-05-26,13687.71,13702.74,0.074626866
2021-05-27,13686.86,13657.85,-0.049180328
2021-05-28,13717,13686.51,-0.039215686
2021-06-01,13764.27,13654.59,0.064516129
2021-06-02,13655.71,13675.79,0.147540984
2021-06-03,13568.91,13529.68,-0.049180328
2021-06-04,13619.79,13770.77,-0.036363636
2021-06-07,13744.15,13802.89,-0.046875
2021-06-08,13873.46,13810.86,0.112903226
2021-06-09,13865.51,13814.94,-0.142857143
2021-06-10,13834.26,13960.35,0
2021-06-11,13959.47,13998.3,-0.032258065
2021-06-14,14002.14,14128.2,0.05
2021-06-15,14120.81,14030.41,-0.015151515
2021-06-16,14053.12,13983.01,0
2021-06-17,13946.7,14163.81,0.015625
2021-06-18,14125.12,14049.58,0.042253521
2021-06-21,14055.04,14137.23,0.014925373
2021-06-22,14140.3,14270.42,0.096774194
2021-06-23,14275.09,14274.24,0.092307692
2021-06-24,14358.3,14365.96,0.047619048
2021-06-25,14396.63,14345.18,0.047619048
2021-06-28,14401.63,14524.98,0.028985507
2021-06-29,14523.63,14572.75,0.069444444
2021-06-30,14560.07,14554.8,0.076923077
2021-07-01,14530.63,14560.05,0.051724138
2021-07-02,14633.51,14727.63,0.13559322
2021-07-06,14755.15,14786.36,0.078125
2021-07-07,14889.76,14810.54,0.015625
2021-07-08,14577.67,14722.14,0
2021-07-09,14709.32,14826.09,0.13559322
2021-07-12,14878.71,14877.89,0.129032258
2021-07-13,14871.04,14874.54,-0.016666667
2021-07-14,14984.86,14900.44,0.017857143
2021-07-15,14903.49,14794.69,-0.079365079
2021-07-16,14842.08,14681.38,0.054545455
2021-07-19,14517.96,14549.09,-0.104477612
2021-07-20,14601.33,14728.21,0.109375
2021-07-21,14723.67,14842.63,0.127272727
2021-07-22,14865.46,14940.17,0.13559322
2021-07-23,15004.43,15111.79,0.153846154
2021-07-26,15088.28,15125.95,-0.015151515
2021-07-27,15103.01,14956.97,0.044117647
2021-07-28,15005.17,15018.1,-0.028985507
2021-07-29,15015.3,15048.36,0.0625
2021-07-30,14882.39,14959.9,0.061538462
2021-08-02,14959.9,14963.62,0.089552239
2021-08-03,14997.2,15061.42,0.044117647
2021-08-04,15059.16,15083.39,0.085714286
2021-08-05,15105.4,15181.64,0.076923077
2021-08-06,15125.74,15109.36,0.073529412
2021-08-09,15136.14,15133.11,0.048387097
2021-08-10,15157.37,15053.58,0.119402985
2021-08-11,15101.82,15027.76,0.079365079
2021-08-12,15012.6,15088.98,0.1
2021-08-13,15101.84,15136.68,0
2021-08-16,15090.05,15140.77,0.075471698
2021-08-17,15018.94,15002.83,-0.092307692
2021-08-18,14975.02,14857.92,0.015625
2021-08-19,14773.19,14933.94,-0.049180328
2021-08-20,14974.06,15092.57,0.101694915
2021-08-23,15140.14,15312.82,0.06779661
2021-08-24,15338.92,15357.68,0.096774194
2021-08-25,15384.83,15368.92,0.049180328
2021-08-26,15348.98,15278.52,-0.031746032
2021-08-27,15305.75,15432.95,0.02173913
2021-08-30,15460.93,15605.09,0
2021-08-31,15601.34,15582.51,0.111111111
2021-09-01,15637.13,15611.57,0.0625
2021-09-02,15656.28,15604.25,-0.048387097
2021-09-03,15578.96,15652.86,-0.015873016
2021-09-07,15662.3,15675.76,0
2021-09-08,15669.01,15620.85,-0.031746032
2021-09-09,15639.44,15561.05,-0.044776119
2021-09-10,15648.05,15440.75,0.044117647
2021-09-13,15545.66,15434.5,0.032786885
2021-09-14,15505.78,15382.9,-0.047619048
2021-09-15,15419.95,15503.53,0.112903226
2021-09-16,15452.67,15515.91,-0.101694915
2021-09-17,15481.43,15333.47,0.106060606
2021-09-20,15068.65,15012.19,-0.140625
2021-09-21,15096.97,15027.77,0
2021-09-22,15073.96,15176.51,0.169491525
2021-09-23,15231.2,15316.58,-0.113207547
2021-09-24,15222.97,15329.68,0.0625
2021-09-27,15205.23,15204.82,0.114754098
2021-09-28,15001.98,14770.3,-0.061538462
2021-09-29,14835.51,14752.89,-0.078125
2021-09-30,14830.3,14689.62,-0.159090909
2021-10-01,14731.38,14791.87,-0.038461538
2021-10-04,14713.6,14472.12,-0.16
2021-10-05,14533.43,14674.15,0.104166667
2021-10-06,14529.89,14766.75,0
2021-10-07,14899.07,14897.13,-0.234042553
2021-10-08,14942.36,14820.75,0
2021-10-11,14765.69,14713.73,-0.014705882
2021-10-12,14772.29,14662.11,-0.045454545
2021-10-13,14751.8,14774.6,0.037037037
2021-10-14,14925.58,15052.42,0.016393443
2021-10-15,15106.97,15146.92,-0.033898305
2021-10-18,15091.58,15300.89,0.061538462
2021-10-19,15349.45,15410.72,0.105263158
2021-10-20,15448,15388.71,0.134615385
2021-10-21,15365.81,15489.59,0.057971014
2021-10-22,15422.07,15355.07,0
2021-10-25,15417.25,15514.19,0.02
2021-10-26,15615.36,15559.49,0.087719298
2021-10-27,15603.16,15598.39,0.061538462
2021-10-28,15674.39,15778.16,0.034482759
2021-10-29,15638.74,15850.47,-0.015151515
2021-11-01,15879.61,15905.28,0.038461538
2021-11-02,15885.34,15972.49,0
2021-11-03,16000.6,16144.5,0.081967213
2021-11-04,16193.22,16346.24,0.105263158
2021-11-05,16397.59,16359.38,0
2021-11-08,16351.49,16336.03,-0.016129032
2021-11-09,16389.99,16219.94,0.098360656
2021-11-10,16087.01,15985.57,0.125
2021-11-11,16114.05,16032.47,0.046875
2021-11-12,16078.13,16199.89,0.015873016
2021-11-15,16227.01,16189.12,0.092592593
2021-11-16,16170.29,16309.77,0.035087719
2021-11-17,16329.07,16308.07,0.016129032
2021-11-18,16398.76,16482.97,0.035087719
2021-11-19,16558.56,16573.34,0.081967213
2021-11-22,16644.77,16380.98,0.061538462
2021-11-23,16330.18,16306.72,0.101694915
2021-11-24,16202.26,16367.81,0.169811321
2021-11-26,16237.41,16025.58,-0.017857143
2021-11-29,16263.43,16399.24,0.060606061
2021-11-30,16333.95,16135.92,-0.215686275
2021-12-01,16347.96,15877.72,0
2021-12-02,15791.3,15990.76,-0.014925373
2021-12-03,16039.41,15712.04,-0.019230769
2021-12-06,15744.91,15846.16,0.186440678
2021-12-07,16139.56,16325.66,0.105263158
2021-12-08,16313.88,16394.34,0.13559322
2021-12-09,16337.81,16149.57,0.060606061
2021-12-10,16278.3,16331.98,0.226415094
2021-12-13,16317.9,16082.55,0.033333333
2021-12-14,15877.65,15914.9,-0.030769231
2021-12-15,15908.45,16289.59,0.089285714
2021-12-16,16335.03,15863.94,0.169811321
2021-12-17,15714.54,15801.46,0.06557377
2021-12-20,15566.83,15627.64,-0.079365079
2021-12-21,15794.38,15986.28,0.206896552
2021-12-22,15963.54,16180.14,0.333333333
2021-12-23,16203.76,16308.21,0.3
2021-12-27,16361.07,16567.5,0.079365079
2021-12-28,16602.92,16488.66,0.210526316
2021-12-29,16510.63,16491.01,0.237288136
2021-12-30,16485.4,16429.1,0.066666667
2021-12-31,16411.26,16320.08,0.176470588
2022-01-03,16395.51,16501.77,0.5
2022-01-04,16513.87,16279.73,-0.071428571
2022-01-05,16190.55,15771.78,-0.229166667
2022-01-06,15675.22,15765.36,-0.057692308
2022-01-07,15774.13,15592.19,0.019230769
2022-01-10,15383.18,15614.43,0.02
2022-01-11,15582.72,15844.12,0.166666667
2022-01-12,15955.48,15905.1,0.063829787
2022-01-13,15970.09,15495.62,-0.150943396
2022-01-14,15396.47,15611.59,-0.196078431
2022-01-18,15378.06,15210.76,-0.169811321
2022-01-19,15287.25,15047.84,-0.020408163
2022-01-20,15176.38,14846.46,0.173076923
2022-01-21,14728.66,14438.4,-0.150943396
2022-01-24,14160.91,14509.58,-0.134615385
2022-01-25,14237.6,14149.12,-0.06
2022-01-26,14492.52,14172.76,-0.098039216
2022-01-27,14346.46,14003.11,0.08
2022-01-28,14091.31,14454.61,0.142857143
2022-01-31,14505.07,14930.05,0.137254902
2022-02-01,14966.6,15019.68,0.18
2022-02-02,15173.03,15139.74,-0.08
2022-02-03,14693.85,14501.11,-0.18
2022-02-04,14566.28,14694.35,0.111111111
2022-02-07,14716.43,14571.25,-0.106382979
2022-02-08,14533.25,14747.03,0.06
2022-02-09,14930.99,15056.96,0.162790698
2022-02-10,14770.67,14705.64,-0.217391304
2022-02-11,14739.46,14253.84,-0.204545455
2022-02-14,14233.4,14268.59,-0.069767442
2022-02-15,14482.11,14620.82,0.282051282
2022-02-16,14514.84,14603.64,0.02173913
2022-02-17,14485.08,14171.74,-0.133333333
2022-02-18,14207.55,14009.54,-0.108695652
2022-02-22,13892.81,13870.53,-0.333333333
2022-02-23,14016.94,13509.43,-0.226415094
2022-02-24,13065.44,13974.67,0.058823529
2022-02-25,13973.9,14189.16,0.070175439
2022-02-28,14058.61,14237.81,-0.153846154
2022-03-01,14197.66,14005.99,-0.327272727
2022-03-02,14075.11,14243.69,-0.058823529
2022-03-03,14339.7,14035.21,-0.327272727
2022-03-04,13957.6,13837.83,-0.075471698
2022-03-07,13853.53,13319.38,-0.173076923
2022-03-08,13275.23,13267.6,-0.054545455
2022-03-09,13610.48,13742.2,-0.017857143
2022-03-10,13577.84,13591,-0.20754717
2022-03-11,13701.8,13301.83,-0.24137931
2022-03-14,13248.09,13046.64,-0.22
2022-03-15,13174.97,13458.56,-0.036363636
2022-03-16,13633.12,13956.78,-0.051724138
2022-03-17,13878.99,14118.6,-0.160714286
2022-03-18,14061.29,14420.08,0.163636364
2022-03-21,14377.15,14376.09,-0.087719298
2022-03-22,14396.03,14654.33,0.169491525
2022-03-23,14525.22,14447.55,-0.096153846
2022-03-24,14529.72,14765.69,0.053571429
2022-03-25,14766.9,14754.31,-0.155172414
2022-03-28,14763.16,14987.4,0.142857143
2022-03-29,15142.93,15239.32,0
2022-03-30,15177.15,15071.55,-0.089285714
2022-03-31,15074.23,14838.49,-0.120689655
2022-04-01,14886.91,14861.21,0.070175439
2022-04-04,14903.38,15159.58,0.181818182
2022-04-05,15109.27,14820.64,-0.215686275
2022-04-06,14600.3,14498.88,-0.055555556
2022-04-07,14469.5,14531.81,-0.075471698
2022-04-08,14450.53,14327.26,-0.25
2022-04-11,14149.6,13990.21,-0.104166667
2022-04-12,14175.66,13940.24,-0.186440678
2022-04-13,13939.61,14217.29,-0.12962963
2022-04-14,14225.47,13893.21,-0.271186441
2022-04-18,13859.47,13910.76,-0.303571429
2022-04-19,13882.75,14210.26,-0.163636364
2022-04-20,14246.2,13998.53,-0.263157895
2022-04-21,14174.92,13720.45,-0.290909091
2022-04-22,13714.63,13356.87,-0.175438596
2022-04-25,13275.41,13533.22,-0.226415094
2022-04-26,13447.66,13009.71,-0.206896552
2022-04-27,13009.4,13003.36,-0.038461538
2022-04-28,13254.96,13456.06,0.203703704
2022-04-29,13274.94,12854.8,-0.444444444
2022-05-02,12864.83,13075.85,-0.120689655
2022-05-03,13045.35,13089.9,0.089285714
2022-05-04,13110.3,13535.71,0.089285714
2022-05-05,13344.79,12850.55,-0.303030303
2022-05-06,12776.86,12693.53,-0.298245614
2022-05-09,12465.91,12187.72,-0.304347826
2022-05-10,12496.84,12345.86,-0.017241379
2022-05-11,12240.21,11967.56,-0.235294118
2022-05-12,11790.13,11945.5,-0.1875
2022-05-13,12125.93,12387.4,0
2022-05-16,12297.07,12243.58,-0.204081633
2022-05-17,12496.63,12564.1,0.157894737
2022-05-18,12352.92,11928.31,-0.346153846
2022-05-19,11872.56,11875.63,-0.177777778
2022-05-20,12037.03,11835.62,-0.254545455
2022-05-23,11867.36,12034.28,-0.071428571
2022-05-24,11807.78,11769.84,-0.413793103
2022-05-25,11732.45,11943.93,-0.288135593
2022-05-26,11906.83,12276.79,-0.142857143
2022-05-27,12421.8,12681.42,-0.068965517
2022-05-31,12688.95,12642.1,-0.237288136
2022-06-01,12750.31,12548.36,-0.333333333
2022-06-02,12498.63,12892.89,-0.053571429
2022-06-03,12650.38,12548.03,-0.381818182
2022-06-06,12745.89,12599.63,0
2022-06-07,12456.49,12711.68,-0.145454545
2022-06-08,12682.81,12615.13,-0.206896552
2022-06-09,12543.37,12269.78,-0.327586207
2022-06-10,12052.59,11832.82,-0.254237288
2022-06-13,11472.19,11288.32,-0.428571429
2022-06-14,11385.18,11311.69,-0.226415094
2022-06-15,11468.13,11593.77,0.020833333
2022-06-16,11286.87,11127.57,-0.406779661
2022-06-17,11172.65,11265.99,-0.482142857
2022-06-21,11446.98,11546.76,-0.220338983
2022-06-22,11427.74,11527.71,-0.245614035
2022-06-23,11622.09,11697.68,-0.018867925
2022-06-24,11826.95,12105.85,-0.137931034
2022-06-27,12157.93,12008.24,-0.230769231
2022-06-28,12021.34,11637.77,-0.288461538
2022-06-29,11619.01,11658.26,-0.145454545
2022-06-30,11532.32,11503.72,-0.240740741
2022-07-01,11472.63,11585.68,-0.211538462
2022-07-05,11419.34,11779.9,-0.089285714
2022-07-06,11807.08,11852.59,-0.092592593
2022-07-07,11913.73,12109.05,-0.035714286
2022-07-08,11977.95,12125.69,-0.035714286
2022-07-11,12008.76,11860.28,-0.326923077
2022-07-12,11926.84,11744.99,-0.346938776
2022-07-13,11523.91,11728.53,-0.107142857
2022-07-14,11637.18,11768.4,-0.362068966
2022-07-15,11896.15,11983.62,-0.017241379
2022-07-18,12089.68,11877.5,-0.351851852
2022-07-19,12046.69,12249.42,0.051724138
2022-07-20,12269.07,12439.68,0.098039216
2022-07-21,12466.13,12619.41,0.036363636
2022-07-22,12575.76,12396.47,-0.216666667
2022-07-25,12391.21,12328.41,-0.166666667
2022-07-26,12248.21,12086.9,-0.157894737
2022-07-27,12299.34,12601.47,0.148148148
2022-07-28,12580.61,12717.87,0.181818182
2022-07-29,12784.2,12947.97,0.142857143
2022-08-01,12877.04,12940.78,-0.103448276
2022-08-02,12853.04,12901.6,-0.089285714
2022-08-03,12983.58,13253.26,-0.053571429
2022-08-04,13253.77,13311.04,0
2022-08-05,13107.45,13207.69,-0.018181818
2022-08-08,13227.09,13159.16,-0.163636364
2022-08-09,13064.24,13008.17,-0.277777778
2022-08-10,13330.66,13378.32,0.109090909
2022-08-11,13471.03,13291.99,-0.157894737
2022-08-12,13384.65,13565.87,0.06779661
2022-08-15,13529.66,13667.18,0.018181818
2022-08-16,13617.66,13635.21,-0.092592593
2022-08-17,13499.24,13470.86,0.035087719
2022-08-18,13474.24,13505.99,0.017241379
2022-08-19,13370.25,13242.9,-0.365384615
2022-08-22,13056.39,12890.54,-0.293103448
2022-08-23,12885.28,12881.79,-0.15
2022-08-24,12876.23,12917.86,-0.036363636
2022-08-25,12984.74,13143.58,0.055555556
2022-08-26,13129.91,12605.17,-0.263157895
2022-08-29,12488.46,12484.32,-0.203703704
2022-08-30,12562.4,12342.7,-0.084745763
2022-08-31,12448.07,12272.03,-0.033898305
2022-09-01,12158.88,12274.62,-0.290909091
2022-09-02,12392.46,12098.44,-0.145454545
2022-09-06,12106.57,12011.31,-0.264150943
2022-09-07,12038.18,12259.39,0.137931034
2022-09-08,12139.57,12321.19,0.087719298
2022-09-09,12424.15,12588.29,0.078431373
2022-09-12,12649.23,12739.72,0.137254902
2022-09-13,12364.83,12033.62,-0.566037736
2022-09-14,12092.03,12134.4,-0.222222222
2022-09-15,12034.43,11927.49,-0.25
2022-09-16,11775.94,11861.38,-0.196428571
2022-09-19,11753.6,11953.27,-0.075471698
2022-09-20,11855.84,11851.54,-0.107142857
2022-09-21,11892.72,11637.79,-0.052631579
2022-09-22,11574.32,11501.65,-0.267857143
2022-09-23,11398.75,11311.24,-0.280701754
2022-09-26,11283.14,11254.11,-0.163636364
2022-09-27,11411.34,11271.75,-0.301886792
2022-09-28,11258.74,11493.83,-0.072727273
2022-09-29,11334.57,11164.78,-0.442307692
2022-09-30,11123.11,10971.22,-0.142857143
2022-10-03,11059.17,11229.73,-0.096153846
2022-10-04,11477.85,11582.54,0.019230769
2022-10-05,11429.47,11573.18,-0.125
2022-10-06,11556.4,11485.5,-0.148148148
2022-10-07,11272.46,11039.47,-0.236363636
2022-10-10,11048.51,10926.97,-0.333333333
2022-10-11,10865.32,10791.35,-0.017857143
2022-10-12,10810.3,10785.62,-0.189655172
2022-10-13,10481.58,11033.58,-0.107142857
2022-10-14,11130.08,10692.06,-0.28
2022-10-17,10967.25,11062.53,0.155172414
2022-10-18,11368.76,11147.74,0.134615385
2022-10-19,11081.82,11103.38,-0.115384615
2022-10-20,11081.22,11046.71,-0.392857143
2022-10-21,10998.17,11310.33,0.01754386
2022-10-24,11321.11,11430.26,0.072727273
2022-10-25,11482.87,11669.99,0.035087719
2022-10-26,11409.79,11405.9,-0.214285714
2022-10-27,11387.71,11191.63,-0.339622642
2022-10-28,11176.99,11546.21,0.105263158
2022-10-31,11465.21,11405.57,-0.056603774
2022-11-01,11571.53,11288.95,-0.13559322
2022-11-02,11300.27,10906.34,-0.228070175
2022-11-03,10769.43,10690.6,-0.245614035
2022-11-04,10911.98,10857.03,-0.228070175
2022-11-07,10900.83,10977,-0.034482759
2022-11-08,11039.58,11059.5,-0.333333333
2022-11-09,10971.43,10797.55,-0.358490566
2022-11-10,11350.42,11605.96,0.111111111
2022-11-11,11604.36,11817.01,-0.072727273
2022-11-14,11728.11,11700.94,-0.25862069
2022-11-15,12006.45,11871.15,-0.034482759
2022-11-16,11767.42,11699.09,-0.103448276
2022-11-17,11521.64,11676.86,-0.054545455
2022-11-18,11791.85,11677.02,-0.087719298
2022-11-21,11623.35,11553.45,-0.333333333
2022-11-22,11590.83,11724.84,-0.018181818
2022-11-23,11725.08,11838.72,-0.037735849
2022-11-25,11777.33,11756.03,-0.259259259
2022-11-28,11684.07,11587.75,-0.327272727
2022-11-29,11590.3,11503.45,-0.259259259
2022-11-30,11505.74,12030.06,0.102040816
2022-12-01,12030.24,12041.89,-0.115384615
2022-12-02,11845.53,11994.26,0.019230769
2022-12-05,11899.54,11786.8,0.115384615
2022-12-06,11775.2,11549.69,-0.392156863
2022-12-07,11490.99,11497.39,-0.403846154
2022-12-08,11543.68,11637.5,-0.264150943
2022-12-09,11594.38,11563.33,-0.140350877
2022-12-12,11572.26,11706.44,0.134615385
2022-12-13,12141.24,11834.21,-0.072727273
2022-12-14,11824.54,11740.92,-0.274509804
2022-12-15,11573.38,11345.22,-0.4
2022-12-16,11313.64,11243.72,-0.326923077
2022-12-19,11243,11084.59,-0.41509434
2022-12-20,11023.47,11072.42,-0.306122449
2022-12-21,11110.65,11235.88,-0.127272727
2022-12-22,11099.36,10956.14,-0.377358491
2022-12-23,10911.04,10985.45,0.036363636
2022-12-27,10944.3,10822.51,-0.466666667
2022-12-28,10807.12,10679.34,-0.651162791
2022-12-29,10800.8,10951.05,0.113207547
2022-12-30,10835.59,10939.76,-0.236363636
2023-01-03,11038.42,10862.64,-0.387755102
2023-01-04,10949.34,10914.8,-0.245283019
2023-01-05,10837.25,10741.22,-0.269230769
2023-01-06,10807.45,11040.35,0.089285714
2023-01-09,11133.07,11108.44,-0.404255319
2023-01-10,11069.05,11205.78,0
2023-01-11,11259.16,11402.52,-0.12962963
2023-01-12,11441.45,11459.61,-0.2
2023-01-13,11362.13,11541.48,0
2023-01-17,11531.54,11557.19,-0.333333333
2023-01-18,11636.61,11410.29,-0.34
2023-01-19,11345.19,11295.67,-0.155172414
2023-01-20,11363.85,11619.03,-0.153846154
2023-01-23,11652,11872.54,0.153846154
2023-01-24,11802.95,11846.64,-0.04
2023-01-25,11636.01,11814.69,-0.132075472
2023-01-26,11972.57,12051.48,0.109090909
2023-01-27,12000.21,12166.6,0.2
2023-01-30,12047.16,11912.39,-0.408163265
2023-01-31,11915.94,12101.93,-0.107142857
2023-02-01,12087.92,12363.1,-0.090909091
2023-02-02,12655.18,12803.14,-0.25
2023-02-03,12520.95,12573.36,-0.274509804
2023-02-06,12468.8,12464.51,-0.301886792
2023-02-07,12474.95,12728.27,-0.035087719
2023-02-08,12680.03,12495.38,-0.298245614
2023-02-09,12677.54,12381.17,-0.160714286
2023-02-10,12306.59,12304.92,-0.160714286
2023-02-13,12356.5,12502.31,0.089285714
2023-02-14,12413.1,12590.89,0.037037037
2023-02-15,12531.6,12687.89,0.052631579
2023-02-16,12495.07,12442.48,-0.25
2023-02-17,12352.3,12358.18,-0.053571429
2023-02-21,12205.21,12060.3,-0.298245614
2023-02-22,12085.67,12066.27,0.01754386
2023-02-23,12224.44,12180.14,-0.103448276
2023-02-24,11979.8,11969.65,-0.074074074
2023-02-27,12106.79,12057.79,-0.018867925
2023-02-28,12041.75,12042.12,0
2023-03-01,12026.72,11938.57,-0.092592593
2023-03-02,11830.09,12044.87,-0.145454545
2023-03-03,12110.71,12290.81,0.076923077
2023-03-06,12344.65,12302.48,0.185185185
2023-03-07,12303.19,12152.17,-0.245283019
2023-03-08,12181.06,12215.33,-0.157894737
2023-03-09,12230.84,11995.88,-0.068965517
2023-03-10,12001.7,11830.28,-0.288461538
2023-03-13,11752.1,11923.17,-0.186046512
2023-03-14,12078.46,12199.79,0
2023-03-15,12083.24,12251.32,-0.228070175
2023-03-16,12211.87,12581.39,0
2023-03-17,12570.16,12519.88,-0.283333333
2023-03-20,12487.79,12562.61,-0.208333333
2023-03-21,12643.35,12741.44,0.052631579
2023-03-22,12742.41,12567.15,-0.01754386
2023-03-23,12735.6,12729.23,-0.017857143
2023-03-24,12700.51,12767.05,0
2023-03-27,12797.9,12673.07,0.021276596
2023-03-28,12654.91,12610.57,-0.226415094
2023-03-29,12768.14,12846.03,0.090909091
2023-03-30,12934.99,12963.14,0.105263158
2023-03-31,12968.96,13181.35,0.111111111
2023-04-03,13084.1,13148.35,-0.040816327
2023-04-04,13165.32,13100.07,-0.1875
2023-04-05,13056.79,12967.2,-0.035087719
2023-04-06,12892.9,13062.6,0
2023-04-10,12936.52,13051.23,-0.14
2023-04-11,13040.49,12964.15,0
2023-04-12,13043.97,12848.35,-0.113207547
2023-04-13,12922.9,13109.39,-0.017241379
2023-04-14,13044.69,13079.52,-0.181818182
2023-04-17,13053.26,13087.71,0.203703704
2023-04-18,13180.31,13091.79,-0.104166667
2023-04-19,12992.51,13088.71,-0.320754717
2023-04-20,12962.29,12985.98,-0.333333333
2023-04-21,12970.32,13000.77,-0.170212766
2023-04-24,12981.71,12969.76,-0.25
2023-04-25,12905.09,12725.11,0.127272727
2023-04-26,12866.64,12806.48,-0.132075472
2023-04-27,12963.21,13160.03,0.192982456
2023-04-28,13139.35,13245.99,0.160714286
2023-05-01,13229.11,13231.47,-0.203703704
2023-05-02,13225.48,13113.66,-0.150943396
2023-05-03,13123.1,13030.21,-0.111111111
2023-05-04,13014.07,12982.48,-0.058823529
2023-05-05,13070.7,13259.13,0.235294118
2023-05-08,13247.09,13291.64,-0.196078431
2023-05-09,13228.64,13201.11,0.137254902
2023-05-10,13308.41,13347.83,0.036363636
2023-05-11,13376.85,13389.78,-0.068965517
2023-05-12,13407.02,13340.18,-0.272727273
2023-05-15,13352.26,13413.51,0.1
2023-05-16,13385.37,13426.01,-0.172413793
2023-05-17,13474.52,13589.26,0.058823529
2023-05-18,13608.95,13834.62,0
2023-05-19,13842.69,13803.49,-0.019230769
2023-05-22,13805.33,13849.74,0.035714286
2023-05-23,13773.68,13672.54,-0.259259259
2023-05-24,13589.02,13604.48,0.056603774
2023-05-25,13920.89,13938.53,-0.074074074
2023-05-26,13990.55,14298.41,0.018518519
2023-05-30,14465.59,14354.99,-0.105263158
2023-05-31,14293.56,14254.09,-0.14
2023-06-01,14269.09,14441.51,0.018181818
2023-06-02,14517.08,14546.64,0.055555556
2023-06-05,14550.13,14556.5,-0.115384615
2023-06-06,14526.1,14558.09,0.063829787
2023-06-07,14573.27,14303.29,-0.2
2023-06-08,14319.24,14484.54,0.145454545
2023-06-09,14574.24,14528.36,-0.035087719
2023-06-12,14617.35,14784.3,0.18
2023-06-13,14911.26,14900.85,0.019607843
2023-06-14,14894.1,15005.69,-0.134615385
2023-06-15,14949.7,15185.48,0.037037037
2023-06-16,15272.65,15083.92,-0.125
2023-06-20,15036.48,15070.15,-0.185185185
2023-06-21,15019.01,14867.45,-0.089285714
2023-06-22,14797.89,15042.32,-0.196428571
2023-06-23,14879.23,14891.48,-0.173076923
2023-06-26,14866.66,14689.02,-0.218181818
2023-06-27,14751.57,14945.91,-0.145454545
2023-06-28,14876.25,14964.57,0
2023-06-29,14965.55,14939.95,0.055555556
2023-06-30,15085.24,15179.21,0.2
2023-07-03,15190.54,15208.69,0.090909091
2023-07-05,15165.36,15203.78,0
2023-07-06,15054.1,15089.45,-0.122807018
2023-07-07,15070.5,15036.85,0.094339623
2023-07-10,15031.95,15045.64,0.12962963
2023-07-11,15068.13,15119.06,0.208333333
2023-07-12,15279.35,15307.23,0.037735849
2023-07-13,15432.48,15571.98,0.054545455
2023-07-14,15610,15565.6,0.107142857
2023-07-17,15608.28,15713.28,0.208333333
2023-07-18,15671.72,15841.35,0.192307692
2023-07-19,15888.16,15826.35,0.111111111
2023-07-20,15717.67,15466.09,-0.285714286
2023-07-21,15554.95,15425.67,0.296296296
2023-07-24,15475.15,15448.02,0.277777778
2023-07-25,15483.06,15561.42,0.37037037
2023-07-26,15514.04,15499.26,0.068965517
2023-07-27,15734.03,15464.93,-0.036363636
2023-07-28,15630.17,15750.93,0.326923077
2023-07-31,15774.3,15757,0.206896552
2023-08-01,15696.98,15718.01,-0.115384615
2023-08-02,15561.15,15370.74,-0.152542373
2023-08-03,15287.77,15353.54,-0.02
2023-08-04,15420.74,15274.92,-0.357142857
2023-08-07,15355.62,15407.85,0.018867925
2023-08-08,15279.41,15273.05,-0.052631579
2023-08-09,15286.99,15101.71,-0.089285714
2023-08-10,15217.29,15128.84,-0.035714286
2023-08-11,15010.52,15028.07,0
2023-08-14,14988.42,15205.59,0.057692308
2023-08-15,15172.08,15037.65,-0.117647059
2023-08-16,15021.63,14876.47,-0.018867925
2023-08-17,14943.34,14715.81,-0.036363636
2023-08-18,14589.71,14694.84,-0.226415094
2023-08-21,14762.01,14936.69,0.017241379
2023-08-22,15035.07,14908.96,-0.215686275
2023-08-23,14947.58,15148.06,0.222222222
2023-08-24,15278.93,14816.44,-0.076923077
2023-08-25,14858.93,14941.83,0.117647059
2023-08-28,15035.48,15052.46,-0.074074074
2023-08-29,15043.02,15376.55,0.075471698
2023-08-30,15386.67,15462.43,0.040816327
2023-08-31,15475.43,15501.07,0.037037037
2023-09-01,15600.95,15490.86,0
2023-09-05,15460.52,15508.24,0.132075472
2023-09-06,15467.32,15371.44,-0.277777778
2023-09-07,15174.22,15258.52,-0.358490566
2023-09-08,15265.57,15280.23,-0.076923077
2023-09-11,15409.77,15461.87,0.244897959
2023-09-12,15390.59,15289.74,-0.245283019
2023-09-13,15293.27,15348.53,-0.148148148
2023-09-14,15433.01,15473.89,0.150943396
2023-09-15,15425.95,15202.4,-0.160714286
2023-09-18,15161.17,15225.37,0.018867925
2023-09-19,15152.53,15191.23,-0.075471698
2023-09-20,15225.34,14969.92,-0.2
2023-09-21,14813.48,14694.24,-0.115384615
2023-09-22,14756.62,14701.1,-0.078431373
2023-09-25,14662.69,14768.9,0.022727273
2023-09-26,14668.45,14545.83,-0.178571429
2023-09-27,14600.14,14580.16,-0.230769231
2023-09-28,14530.96,14702.77,-0.203703704
2023-09-29,14853.35,14715.24,-0.117647059
2023-10-02,14717.9,14837.57,-0.058823529
2023-10-03,14744.05,14565.62,-0.274509804
2023-10-04,14613.23,14776.25,0.169811321
2023-10-05,14769.55,14723.22,-0.072727273
2023-10-06,14622.23,14973.24,-0.056603774
2023-10-09,14871.57,15047.15,-0.078431373
2023-10-10,15074.04,15131.52,0.075471698
2023-10-11,15194.53,15241.12,0.035714286
2023-10-12,15264.11,15184.1,-0.157894737
2023-10-13,15225.73,14995.12,-0.035087719
2023-10-16,15054.48,15172.73,0.06
2023-10-17,15009.26,15122.01,-0.056603774
2023-10-18,15022.28,14909.26,-0.481481481
2023-10-19,14981.13,14783.13,-0.350877193
2023-10-20,14752.59,14560.88,-0.275862069
2023-10-23,14514.11,14604.85,-0.056603774
2023-10-24,14678.41,14745.85,0.36
2023-10-25,14642.08,14381.64,-0.218181818
2023-10-26,14314.01,14109.57,-0.142857143
2023-10-27,14245.75,14180.42,-0.175438596
2023-10-30,14283.98,14335.51,-0.019230769
2023-10-31,14340.86,14409.78,0.08
2023-11-01,14453.68,14664.91,-0.06779661
2023-11-02,14856.95,14919.55,-0.036363636
2023-11-03,14985.12,15099.49,-0.017241379
2023-11-06,15137.16,15154.93,-0.134615385
2023-11-07,15201.77,15296.02,0.01754386
2023-11-08,15313.9,15313.24,-0.018181818
2023-11-09,15351.12,15187.9,-0.203703704
2023-11-10,15252.36,15529.12,0.377358491
2023-11-13,15469.21,15482.79,-0.020833333
2023-11-14,15744.36,15812.47,0.132075472
2023-11-15,15881.72,15817.18,0.052631579
2023-11-16,15765.2,15833.17,-0.109090909
2023-11-17,15803.98,15837.99,-0.090909091
2023-11-20,15845.2,16027.06,0.377358491
2023-11-21,15951.55,15933.62,0.041666667
2023-11-22,16025.74,16001.39,0.037037037
2023-11-24,15974.85,15982.01,0
2023-11-27,15969.72,15961.98,-0.169811321
2023-11-28,15940.29,16010.43,-0.057692308
2023-11-29,16111.36,15987.6,0.092592593
2023-11-30,15987.66,15947.87,-0.109090909
2023-12-01,15892.59,15997.58,0.122807018
2023-12-04,15837.12,15839.67,-0.20754717
2023-12-05,15763.65,15877.71,-0.16
2023-12-06,15990.2,15788.05,-0.196078431
2023-12-07,15888.23,16022.49,0.173076923
2023-12-08,15952.85,16084.69,0.1
2023-12-11,16069.61,16221.73,-0.115384615
2023-12-12,16209.61,16354.25,-0.019230769
2023-12-13,16392.18,16562.37,0.196428571
2023-12-14,16603.54,16537.83,0
2023-12-15,16587,16623.45,0.074074074
2023-12-18,16631.11,16729.8,0.14
2023-12-19,16734.25,16811.85,0.037735849
2023-12-20,16763.64,16554.16,-0.269230769
2023-12-21,16719.61,16757.41,0.222222222
2023-12-22,16799.02,16777.4,0.019230769
2023-12-26,16816.78,16878.46,0.075471698
2023-12-27,16896.14,16906.8,0.018867925
2023-12-28,16963.52,16898.47,0.25
2023-12-29,16902.44,16825.93,0.140350877
2024-01-02,16667.3,16543.94,-0.285714286
2024-01-03,16413.26,16368.49,-0.37254902
2024-01-04,16290.77,16282.01,-0.245283019
2024-01-05,16281.74,16305.98,-0.083333333
2024-01-08,16354.22,16649.87,0.309090909
2024-01-09,16531.96,16678.7,0
2024-01-10,16702.55,16793.05,0.172413793
2024-01-11,16852.19,16820.9,-0.157894737
2024-01-12,16855,16832.92,-0.066666667
2024-01-16,16775.1,16830.71,0
2024-01-17,16705.51,16736.28,-0.098039216
2024-01-18,16894.33,16982.29,0.275862069
2024-01-19,17060.14,17314,0.178571429
2024-01-22,17403.62,17330.38,0.022222222
2024-01-23,17346.95,17404.21,0
2024-01-24,17562.32,17499.3,0.076923077
2024-01-25,17589.27,17516.99,-0.018181818
2024-01-26,17432.87,17421.01,-0.087719298
2024-01-29,17438.03,17596.27,0.055555556
2024-01-30,17596.27,17476.71,-0.196078431
2024-01-31,17269.98,17137.24,0
2024-02-01,17216.99,17344.71,0.226415094
2024-02-02,17415.94,17642.73,0.254545455
2024-02-05,17634.69,17613.04,-0.134615385
2024-02-06,17664.44,17572.73,-0.054545455
2024-02-07,17674.59,17755.07,0.173076923
2024-02-08,17757.6,17783.17,0.071428571
2024-02-09,17820.98,17962.41,0.125
2024-02-12,17942.28,17882.66,0.039215686
2024-02-13,17519.8,17600.42,-0.125
2024-02-14,17728.9,17807.63,0.01754386
2024-02-15,17815.32,17845.72,-0.052631579
2024-02-16,17853.59,17685.98,0.055555556
2024-02-20,17591.17,17546.1,-0.314814815
2024-02-21,17412.79,17478.91,0.053571429
2024-02-22,17857.76,18004.7,0.407407407
2024-02-23,18052.59,17937.61,0
2024-02-26,17970.21,17933.33,-0.150943396
2024-02-27,17962.58,17971.05,-0.094339623
2024-02-28,17895.03,17874.5,-0.137254902
2024-02-29,17991.67,18043.85,0.101694915
2024-03-01,18069.29,18302.91,0.142857143
2024-03-04,18290.1,18226.48,-0.272727273
2024-03-05,18088.71,17897.87,-0.425925926
2024-03-06,18083.51,18017.57,-0.192982456
2024-03-07,18161.73,18297.99,0.203703704
2024-03-08,18312.78,18018.45,-0.245614035
2024-03-11,17959.68,17951.69,0.196078431
2024-03-12,18063.02,18219.11,0.109090909
2024-03-13,18151.76,18068.47,-0.086206897
2024-03-14,18114.69,18014.81,-0.160714286
2024-03-15,17926.92,17808.25,-0.142857143
2024-03-18,18024.24,17985.01,0.109090909
2024-03-19,17902.52,18032.2,0.115384615
2024-03-20,18067.7,18240.11,0
2024-03-21,18438.24,18320.38,-0.034482759
2024-03-22,18293.15,18339.44,0.033898305
2024-03-25,18215.54,18277.06,-0.192982456
2024-03-26,18329.29,18210.54,-0.122807018
2024-03-27,18338.19,18280.84,0.053571429
2024-03-28,18263.41,18254.69,0.083333333
2024-04-01,18280.82,18293.2,-0.051724138
2024-04-02,18076.43,18121.78,-0.052631579
2024-04-03,18054.44,18160.19,-0.214285714
2024-04-04,18331.02,17878.78,0.01754386
2024-04-05,17940.28,18108.46,-0.033898305
2024-04-08,18130.44,18100.19,0.072727273
2024-04-09,18188.87,18169.9,0
2024-04-10,17957.96,18011.65,-0.175438596
2024-04-11,18085.11,18307.98,0.034482759
2024-04-12,18117.67,18003.49,-0.224137931
2024-04-15,18143.25,17706.83,-0.277777778
2024-04-16,17691.45,17713.66,-0.103448276
2024-04-17,17785.82,17493.62,-0.232142857
2024-04-18,17514.77,17394.31,-0.052631579
2024-04-19,17334.71,17037.65,-0.525423729
2024-04-22,17161.11,17210.89,0
2024-04-23,17297.24,17471.47,0.142857143
2024-04-24,17613.66,17526.8,-0.083333333
2024-04-25,17205.28,17430.5,0.172413793
2024-04-26,17566.22,17718.3,0.206896552
2024-04-29,17801.14,17782.72,0.172413793
2024-04-30,17720.35,17440.69,-0.116666667
2024-05-01,17382.78,17318.55,-0.118644068
2024-05-02,17474.92,17541.54,0.254237288
2024-05-03,17848.66,17890.8,0.1
2024-05-06,17950.98,18093.57,0.172413793
2024-05-07,18106.33,18091.45,0.053571429
2024-05-08,17987.7,18085.01,-0.05
2024-05-09,18095.8,18113.46,0.137931034
2024-05-10,18171.15,18161.18,0.083333333
2024-05-13,18228.4,18198.61,0.06779661
2024-05-14,18187.51,18322.77,0.016666667
2024-05-15,18412.81,18596.65,0.232142857
2024-05-16,18589.98,18557.96,0.172413793
2024-05-17,18571.82,18546.23,0.071428571
2024-05-20,18559.22,18674.19,-0.070175439
2024-05-21,18603.99,18713.8,0.24137931
2024-05-22,18733.54,18705.2,0.033333333
2024-05-23,18907.14,18623.39,-0.116666667
2024-05-24,18669.36,18808.35,0.431034483
2024-05-28,18855.15,18869.44,0.086206897
2024-05-29,18708.07,18736.75,-0.175438596
2024-05-30,18683.25,18538.66,0.017241379
2024-05-31,18550.8,18536.65,-0.216666667
2024-06-03,18666.72,18600.97,-0.142857143
2024-06-04,18598,18654.84,0.016666667
2024-06-05,18791.28,19035.05,0.25862069
2024-06-06,19053.01,19021.19,-0.116666667
2024-06-07,18992.58,19000.95,-0.103448276
2024-06-10,18945.31,19074.67,0.066666667
2024-06-11,19031.4,19210.18,0.1
2024-06-12,19358.26,19465.18,0.210526316
2024-06-13,19609.05,19576.92,-0.016949153
2024-06-14,19557.22,19659.8,-0.033333333
2024-06-17,19681.86,19902.75,0.189655172
2024-06-18,19904.43,19908.86,0.203389831
2024-06-20,19962.97,19752.3,-0.118644068
2024-06-21,19722.37,19700.43,-0.271186441
2024-06-24,19648.23,19474.62,-0.237288136
2024-06-25,19555.84,19701.13,0.016949153
2024-06-26,19671.07,19751.05,0.155172414
2024-06-27,19740.51,19789.03,-0.13559322
2024-06-28,19817,19682.87,-0.053571429
2024-07-01,19720.11,19812.22,0.016949153
2024-07-02,19746.22,20011.89,0.1
2024-07-03,19995.28,20186.63,-0.016666667
2024-07-05,20224.13,20391.97,0.103448276
2024-07-08,20393.89,20439.54,0.192982456
2024-07-09,20504.17,20453.02,0.27027027
2024-07-10,20533.27,20675.38,-0.24
2024-07-11,20661.41,20211.36,0.146666667
2024-07-12,20226.23,20331.49,0.216216216
2024-07-15,20401.02,20386.88,0.093333333
2024-07-16,20441.53,20398.62,-0.24
2024-07-17,20041.31,19799.14,-0.24
2024-07-18,19936.24,19705.09,-0.256756757
2024-07-19,19687.8,19522.62,0.106666667
2024-07-22,19751.02,19822.87,-0.205479452
2024-07-23,19783.33,19754.34,-0.4
2024-07-24,19475.66,19032.39,-0.146666667
2024-07-25,19041.15,18830.58,0.013333333
2024-07-26,18990.2,19023.66,-0.013333333
2024-07-29,19122.43,19059.49,-0.208333333
2024-07-30,19129.56,18796.27,0.315068493
2024-07-31,19222.85,19362.43,-0.266666667
2024-08-01,19375.97,18890.39,-0.438356164
2024-08-02,18494.24,18440.84,-0.581081081
2024-08-05,17444.4,17895.15,-0.067567568
2024-08-06,17961.45,18077.92,-0.135135135
2024-08-07,18345.45,17867.37,0.202702703
2024-08-08,18102.05,18413.82,-0.095890411
2024-08-09,18373.89,18513.1,0.093333333
2024-08-12,18548.23,18542.03,0.081081081
2024-08-13,18724.84,19006.43,0.026666667
2024-08-14,19043.76,19022.68,0.121621622
2024-08-15,19251.86,19490.15,0.068493151
2024-08-16,19393.73,19508.52,0.16
2024-08-19,19521.93,19766.49,-0.04
2024-08-20,19736.35,19719.82,0.108108108
2024-08-21,19758.47,19824.84,0
2024-08-22,19911.28,19491.84,0.066666667
2024-08-23,19669.78,19720.87,-0.146666667
2024-08-26,19679.24,19516.44,-0.066666667
2024-08-27,19450.57,19581.52,-0.173333333
2024-08-28,19567.45,19350.78,-0.053333333
2024-08-29,19425.28,19325.45,0.106666667
2024-08-30,19506.27,19574.64,-0.266666667
2024-09-03,19438.1,18958.73,0
2024-09-04,18832.64,18921.4,-0.053333333
2024-09-05,18864.42,18930.33,-0.4
2024-09-06,18903.03,18421.31,-0.066666667
2024-09-09,18579.8,18660.78,-0.106666667
2024-09-10,18722.15,18829.14,0.12
2024-09-11,18866,19237.3,0.106666667
2024-09-12,19236.42,19423.07,0.093333333
2024-09-13,19396.1,19514.58,-0.12
2024-09-16,19412.79,19423.06,-0.033333333
2024-09-17,19539.75,19432.4,0.1
2024-09-18,19478.51,19344.49,0.333333333
2024-09-19,19798.71,19839.83,0.116666667
2024-09-20,19816.29,19791.49,0.133333333
2024-09-23,19848.71,19852.2,-0.016666667
2024-09-24,19917.56,19944.84,0.05
2024-09-25,19922.28,19972.61,0.083333333
2024-09-26,20273.3,20115.54,0.133333333
2024-09-27,20147.27,20008.62,-0.116666667
2024-09-30,19959.26,20060.69,-0.316666667
2024-10-01,20046.06,19773.3,0.1
2024-10-02,19725.95,19802.58,-0.283333333
2024-10-03,19712.33,19793.34,0.1
2024-10-04,20025.16,20035.02,-0.083333333
2024-10-07,19954.66,19800.74,0.266666667
2024-10-08,19902.21,20107.78,0.2
2024-10-09,20097.56,20268.86,-0.116666667
2024-10-10,20165.25,20241.76,0.2
2024-10-11,20154.83,20271.97,0.216666667
2024-10-14,20366.06,20439.05,-0.033333333
2024-10-15,20442.77,20159.83,0.3
2024-10-16,20172.87,20174.05,-0.066666667
2024-10-17,20375.29,20190.42,0.233333333
2024-10-18,20288.48,20324.04,-0.016666667
2024-10-21,20280.49,20361.47,0.05
2024-10-22,20256.97,20383.65,-0.166666667
2024-10-23,20303.55,20066.96,0.093333333